product_id,sku,product_name,category,subcategory,brand,supplier_name,price,cost_price,launch_date,created_date,updated_date
1,ELE-MOB-0001,Asus Model 302,Electronics,Mobile Phone,Asus,Blue Dart Distribution,47433.56,37180.24,2021-09-18,2021-09-18,2021-09-18
2,ELE-MOB-0002,Boat Model 813,Electronics,Mobile Phone,Boat,Ecom Express Supply Chain,6884.47,4756.23,2025-03-22,2025-03-22,2025-03-22
3,ELE-MOB-0003,Sony Model 700,Electronics,Mobile Phone,Sony,Future Retail Distribution,42413.29,34583.88,2024-11-05,2024-11-05,2024-11-05
4,ELE-MOB-0004,LG Model 871,Electronics,Mobile Phone,LG,Snowman Logistics,9727.14,7486.6,2024-07-05,2024-07-05,2024-07-05
5,ELE-MOB-0005,Apple Model 969,Electronics,Mobile Phone,Apple,Metro Cash and Carry,56660.78,43367.33,2022-09-29,2022-09-29,2022-09-29
6,ELE-MOB-0006,Dell Model 391,Electronics,Mobile Phone,Dell,Tata Consumer Distribution,40291.16,26840.62,2025-12-19,2025-12-19,2025-12-19
7,ELE-MOB-0007,Sony Model 568,Electronics,Mobile Phone,Sony,Future Retail Distribution,49632.56,41571.87,2022-01-14,2022-01-14,2022-01-14
8,ELE-MOB-0008,HP Model 797,Electronics,Mobile Phone,HP,Safexpress Logistics,70288.29,54019.96,2025-02-03,2025-02-03,2025-02-03
9,ELE-MOB-0009,Apple Model 101,Electronics,Mobile Phone,Apple,TVS Supply Chain Solutions,23854.1,18158.88,2022-05-23,2022-05-23,2022-05-23
10,ELE-MOB-0010,Asus Model 238,Electronics,Mobile Phone,Asus,Redington India,50947.46,37407.19,2024-07-29,2024-07-29,2024-07-29
11,ELE-MOB-0011,LG Model 860,Electronics,Mobile Phone,LG,Snowman Logistics,28585.54,24054.73,2023-08-25,2023-08-25,2023-08-25
12,ELE-LAP-0012,Vivo Model 263,Electronics,Laptop,Vivo,TVS Supply Chain Solutions,48451.96,30432.9,2023-09-28,2023-09-28,2023-09-28
13,ELE-LAP-0013,Xiaomi Model 678,Electronics,Laptop,Xiaomi,Safexpress Logistics,7310.58,5248.48,2021-06-18,2021-06-18,2021-06-18
14,ELE-LAP-0014,Realme Model 813,Electronics,Laptop,Realme,Redington India,76538.64,63670.67,2024-02-27,2024-02-27,2024-02-27
15,ELE-LAP-0015,Oppo Model 278,Electronics,Laptop,Oppo,Delhivery Fulfillment,28868.81,19718.31,2024-04-16,2024-04-16,2024-04-16
16,ELE-LAP-0016,Asus Model 545,Electronics,Laptop,Asus,Delhivery Fulfillment,8502.44,6149.0,2024-10-21,2024-10-21,2024-10-21
17,ELE-LAP-0017,Xiaomi Model 419,Electronics,Laptop,Xiaomi,Redington India,17784.33,12567.99,2024-03-06,2024-03-06,2024-03-06
18,ELE-LAP-0018,Asus Model 723,Electronics,Laptop,Asus,Aditya Birla Distribution,38983.54,27547.26,2021-12-01,2021-12-01,2021-12-01
19,ELE-LAP-0019,Sony Model 302,Electronics,Laptop,Sony,Allcargo Supply Chain,42538.14,33263.29,2021-10-27,2021-10-27,2021-10-27
20,ELE-LAP-0020,Dell Model 644,Electronics,Laptop,Dell,Allcargo Supply Chain,15068.34,10104.94,2024-10-06,2024-10-06,2024-10-06
21,ELE-LAP-0021,Xiaomi Model 789,Electronics,Laptop,Xiaomi,Redington India,34589.02,28065.07,2025-03-18,2025-03-18,2025-03-18
22,ELE-LAP-0022,Realme Model 871,Electronics,Laptop,Realme,Snowman Logistics,26570.9,18565.53,2026-02-18,2026-02-18,2026-02-18
23,ELE-TAB-0023,Asus Model 472,Electronics,Tablet,Asus,Ecom Express Supply Chain,30587.76,18382.3,2024-04-05,2024-04-05,2024-04-05
24,ELE-TAB-0024,Vivo Model 717,Electronics,Tablet,Vivo,Delhivery Fulfillment,43076.61,30070.19,2022-02-15,2022-02-15,2022-02-15
25,ELE-TAB-0025,Dell Model 417,Electronics,Tablet,Dell,Mahindra Logistics,15526.93,9992.57,2025-02-10,2025-02-10,2025-02-10
26,ELE-TAB-0026,Sony Model 479,Electronics,Tablet,Sony,Ingram Micro India,65906.04,49457.58,2024-03-06,2024-03-06,2024-03-06
27,ELE-TAB-0027,Xiaomi Model 123,Electronics,Tablet,Xiaomi,Blue Dart Distribution,12264.37,9957.23,2024-12-22,2024-12-22,2024-12-22
28,ELE-TAB-0028,Realme Model 315,Electronics,Tablet,Realme,Blue Dart Distribution,74611.01,46155.34,2022-04-22,2022-04-22,2022-04-22
29,ELE-TAB-0029,Vivo Model 111,Electronics,Tablet,Vivo,Metro Cash and Carry,19326.98,13144.95,2023-12-30,2023-12-30,2023-12-30
30,ELE-TAB-0030,Asus Model 960,Electronics,Tablet,Asus,Safexpress Logistics,9976.39,7190.85,2023-02-24,2023-02-24,2023-02-24
31,ELE-TAB-0031,Xiaomi Model 446,Electronics,Tablet,Xiaomi,Redington India,78159.35,53031.94,2026-05-10,2026-05-10,2026-05-10
32,ELE-TAB-0032,Dell Model 655,Electronics,Tablet,Dell,TVS Supply Chain Solutions,19181.97,12856.11,2024-01-11,2024-01-11,2024-01-11
33,ELE-TAB-0033,OnePlus Model 626,Electronics,Tablet,OnePlus,Safexpress Logistics,25381.19,21491.0,2022-04-10,2022-04-10,2022-04-10
34,ELE-SMA-0034,Realme Model 591,Electronics,Smart Watch,Realme,Redington India,22272.34,18149.49,2024-04-20,2024-04-20,2024-04-20
35,ELE-SMA-0035,Xiaomi Model 566,Electronics,Smart Watch,Xiaomi,Ingram Micro India,55306.02,35543.84,2025-01-16,2025-01-16,2025-01-16
36,ELE-SMA-0036,Apple Model 705,Electronics,Smart Watch,Apple,Safexpress Logistics,41631.0,34952.07,2024-06-08,2024-06-08,2024-06-08
37,ELE-SMA-0037,Apple Model 586,Electronics,Smart Watch,Apple,Tata Consumer Distribution,35489.01,29879.01,2024-09-15,2024-09-15,2024-09-15
38,ELE-SMA-0038,Samsung Model 742,Electronics,Smart Watch,Samsung,Mahindra Logistics,28649.21,17976.17,2024-02-18,2024-02-18,2024-02-18
39,ELE-SMA-0039,Lenovo Model 240,Electronics,Smart Watch,Lenovo,Reliance Retail Supply Chain,13905.42,10519.65,2025-04-23,2025-04-23,2025-04-23
40,ELE-SMA-0040,Asus Model 729,Electronics,Smart Watch,Asus,TVS Supply Chain Solutions,73546.86,60104.7,2021-10-25,2021-10-25,2021-10-25
41,ELE-SMA-0041,Boat Model 840,Electronics,Smart Watch,Boat,Blue Dart Distribution,75485.92,50786.56,2023-05-04,2023-05-04,2023-05-04
42,ELE-SMA-0042,Dell Model 279,Electronics,Smart Watch,Dell,Ingram Micro India,22009.9,15433.41,2024-05-06,2024-05-06,2024-05-06
43,ELE-SMA-0043,Lenovo Model 193,Electronics,Smart Watch,Lenovo,Snowman Logistics,28854.68,24380.79,2023-02-02,2023-02-02,2023-02-02
44,ELE-SMA-0044,Lenovo Model 972,Electronics,Smart Watch,Lenovo,TVS Supply Chain Solutions,75137.82,57069.13,2026-02-23,2026-02-23,2026-02-23
45,ELE-HEA-0045,Acer Model 743,Electronics,Headphone,Acer,Tata Consumer Distribution,48163.01,36930.3,2021-09-29,2021-09-29,2021-09-29
46,ELE-HEA-0046,Lenovo Model 927,Electronics,Headphone,Lenovo,Reliance Retail Supply Chain,3688.75,2783.54,2023-04-14,2023-04-14,2023-04-14
47,ELE-HEA-0047,Vivo Model 361,Electronics,Headphone,Vivo,Snowman Logistics,41761.93,25852.63,2024-04-11,2024-04-11,2024-04-11
48,ELE-HEA-0048,Boat Model 559,Electronics,Headphone,Boat,Aditya Birla Distribution,57788.64,45238.27,2024-05-11,2024-05-11,2024-05-11
49,ELE-HEA-0049,HP Model 608,Electronics,Headphone,HP,Delhivery Fulfillment,31950.44,21304.84,2022-01-01,2022-01-01,2022-01-01
50,ELE-HEA-0050,Realme Model 878,Electronics,Headphone,Realme,Reliance Retail Supply Chain,17985.53,12354.73,2024-10-23,2024-10-23,2024-10-23
51,ELE-HEA-0051,Apple Model 331,Electronics,Headphone,Apple,Delhivery Fulfillment,79860.92,59702.22,2024-10-31,2024-10-31,2024-10-31
52,ELE-HEA-0052,Realme Model 566,Electronics,Headphone,Realme,Mahindra Logistics,25146.08,16501.77,2023-12-05,2023-12-05,2023-12-05
53,ELE-HEA-0053,Vivo Model 985,Electronics,Headphone,Vivo,Future Retail Distribution,46221.09,27927.49,2024-03-17,2024-03-17,2024-03-17
54,ELE-HEA-0054,Lenovo Model 116,Electronics,Headphone,Lenovo,Mahindra Logistics,74591.01,62416.74,2026-03-29,2026-03-29,2026-03-29
55,ELE-HEA-0055,Acer Model 483,Electronics,Headphone,Acer,Ecom Express Supply Chain,11803.35,7516.33,2024-11-27,2024-11-27,2024-11-27
56,ELE-ACC-0056,LG Model 679,Electronics,Accessorie,LG,Redington India,5278.54,3621.0,2022-12-11,2022-12-11,2022-12-11
57,ELE-ACC-0057,OnePlus Model 790,Electronics,Accessorie,OnePlus,Delhivery Fulfillment,32522.33,24898.31,2026-04-27,2026-04-27,2026-04-27
58,ELE-ACC-0058,Samsung Model 114,Electronics,Accessorie,Samsung,Ingram Micro India,30945.44,22569.79,2024-09-30,2024-09-30,2024-09-30
59,ELE-ACC-0059,Samsung Model 351,Electronics,Accessorie,Samsung,Reliance Retail Supply Chain,39632.77,30506.06,2023-04-30,2023-04-30,2023-04-30
60,ELE-ACC-0060,Xiaomi Model 779,Electronics,Accessorie,Xiaomi,TVS Supply Chain Solutions,60225.85,46237.4,2023-09-23,2023-09-23,2023-09-23
61,ELE-ACC-0061,Realme Model 733,Electronics,Accessorie,Realme,Metro Cash and Carry,7537.13,5539.58,2021-10-05,2021-10-05,2021-10-05
62,ELE-ACC-0062,HP Model 727,Electronics,Accessorie,HP,Delhivery Fulfillment,43114.27,36315.19,2023-07-16,2023-07-16,2023-07-16
63,ELE-ACC-0063,OnePlus Model 359,Electronics,Accessorie,OnePlus,Safexpress Logistics,5468.75,4318.35,2023-06-25,2023-06-25,2023-06-25
64,ELE-ACC-0064,Apple Model 644,Electronics,Accessorie,Apple,Tata Consumer Distribution,17949.54,13851.48,2022-02-09,2022-02-09,2022-02-09
65,ELE-ACC-0065,Sony Model 421,Electronics,Accessorie,Sony,Tata Consumer Distribution,51618.1,32469.02,2022-02-23,2022-02-23,2022-02-23
66,ELE-ACC-0066,Boat Model 767,Electronics,Accessorie,Boat,Ecom Express Supply Chain,77550.47,60838.86,2024-06-06,2024-06-06,2024-06-06
67,ELE-CAM-0067,Oppo Model 369,Electronics,Camera,Oppo,TVS Supply Chain Solutions,48208.98,36126.58,2023-02-04,2023-02-04,2023-02-04
68,ELE-CAM-0068,Xiaomi Model 159,Electronics,Camera,Xiaomi,Ecom Express Supply Chain,47194.33,28924.49,2023-01-11,2023-01-11,2023-01-11
69,ELE-CAM-0069,Realme Model 165,Electronics,Camera,Realme,Delhivery Fulfillment,4884.91,4018.53,2023-09-30,2023-09-30,2023-09-30
70,ELE-CAM-0070,Sony Model 535,Electronics,Camera,Sony,Delhivery Fulfillment,68669.61,56547.79,2023-03-24,2023-03-24,2023-03-24
71,ELE-CAM-0071,Sony Model 428,Electronics,Camera,Sony,Safexpress Logistics,59084.57,44523.72,2023-11-09,2023-11-09,2023-11-09
72,ELE-CAM-0072,LG Model 935,Electronics,Camera,LG,Reliance Retail Supply Chain,32318.53,19847.36,2021-10-09,2021-10-09,2021-10-09
73,ELE-CAM-0073,HP Model 775,Electronics,Camera,HP,Mahindra Logistics,60005.16,49162.92,2023-04-15,2023-04-15,2023-04-15
74,ELE-CAM-0074,Xiaomi Model 425,Electronics,Camera,Xiaomi,Aditya Birla Distribution,58197.55,46618.5,2023-07-26,2023-07-26,2023-07-26
75,ELE-CAM-0075,Realme Model 591 1,Electronics,Camera,Realme,Metro Cash and Carry,17853.04,15009.39,2026-05-27,2026-05-27,2026-05-27
76,ELE-CAM-0076,Vivo Model 281,Electronics,Camera,Vivo,Blue Dart Distribution,2628.92,2031.74,2022-08-14,2022-08-14,2022-08-14
77,ELE-CAM-0077,Vivo Model 641,Electronics,Camera,Vivo,Tata Consumer Distribution,11281.44,9072.42,2024-11-17,2024-11-17,2024-11-17
78,ELE-GAM-0078,Samsung Model 278,Electronics,Gaming Console,Samsung,Tata Consumer Distribution,14655.6,12301.62,2022-06-05,2022-06-05,2022-06-05
79,ELE-GAM-0079,Realme Model 723,Electronics,Gaming Console,Realme,Blue Dart Distribution,34890.29,27228.22,2024-02-13,2024-02-13,2024-02-13
80,ELE-GAM-0080,Boat Model 466,Electronics,Gaming Console,Boat,Ecom Express Supply Chain,55588.97,34562.22,2022-05-12,2022-05-12,2022-05-12
81,ELE-GAM-0081,HP Model 556,Electronics,Gaming Console,HP,Aditya Birla Distribution,59619.26,45214.02,2023-03-06,2023-03-06,2023-03-06
82,ELE-GAM-0082,Xiaomi Model 677,Electronics,Gaming Console,Xiaomi,Delhivery Fulfillment,62623.05,41878.21,2023-05-13,2023-05-13,2023-05-13
83,ELE-GAM-0083,Lenovo Model 884,Electronics,Gaming Console,Lenovo,Allcargo Supply Chain,31872.03,19783.59,2024-02-09,2024-02-09,2024-02-09
84,ELE-GAM-0084,Oppo Model 713,Electronics,Gaming Console,Oppo,Snowman Logistics,72537.6,57870.86,2025-08-03,2025-08-03,2025-08-03
85,ELE-GAM-0085,Sony Model 901,Electronics,Gaming Console,Sony,Tata Consumer Distribution,74918.62,62314.83,2022-11-26,2022-11-26,2022-11-26
86,ELE-GAM-0086,Oppo Model 873,Electronics,Gaming Console,Oppo,Safexpress Logistics,77471.39,49665.12,2025-11-24,2025-11-24,2025-11-24
87,ELE-GAM-0087,Samsung Model 745,Electronics,Gaming Console,Samsung,Ingram Micro India,65307.66,39297.34,2023-06-13,2023-06-13,2023-06-13
88,ELE-GAM-0088,OnePlus Model 806,Electronics,Gaming Console,OnePlus,Safexpress Logistics,31917.87,19290.13,2023-01-25,2023-01-25,2023-01-25
89,CLO-MEN-0089,FabIndia Athletic Tee,Clothing,Men T-Shirts,FabIndia,Snowman Logistics,835.56,645.66,2021-06-25,2021-06-25,2021-06-25
90,CLO-MEN-0090,Zara Solid Tee,Clothing,Men T-Shirts,Zara,Mahindra Logistics,2910.38,2429.58,2026-01-15,2026-01-15,2026-01-15
91,CLO-MEN-0091,Wrogn Polo Tee,Clothing,Men T-Shirts,Wrogn,Reliance Retail Supply Chain,2747.15,2305.39,2024-04-17,2024-04-17,2024-04-17
92,CLO-MEN-0092,Nike Solid Tee,Clothing,Men T-Shirts,Nike,TVS Supply Chain Solutions,2989.57,2323.9,2024-03-19,2024-03-19,2024-03-19
93,CLO-MEN-0093,Roadster Graphic Tee,Clothing,Men T-Shirts,Roadster,Safexpress Logistics,2482.84,1548.24,2023-10-15,2023-10-15,2023-10-15
94,CLO-MEN-0094,Max Polo Tee,Clothing,Men T-Shirts,Max,Ecom Express Supply Chain,1937.78,1391.17,2022-04-19,2022-04-19,2022-04-19
95,CLO-MEN-0095,Louis Philippe Crew Neck Tee,Clothing,Men T-Shirts,Louis Philippe,Safexpress Logistics,2162.92,1722.56,2026-02-16,2026-02-16,2026-02-16
96,CLO-MEN-0096,Max Polo Tee 1,Clothing,Men T-Shirts,Max,Safexpress Logistics,1931.36,1614.87,2021-07-21,2021-07-21,2021-07-21
97,CLO-MEN-0097,Zara Solid Tee 1,Clothing,Men T-Shirts,Zara,Redington India,602.18,483.12,2024-04-24,2024-04-24,2024-04-24
98,CLO-MEN-0098,Allen Solly Crew Neck Tee,Clothing,Men T-Shirts,Allen Solly,Snowman Logistics,1222.45,758.95,2026-06-01,2026-06-01,2026-06-01
99,CLO-MEN-0099,Nike Crew Neck Tee,Clothing,Men T-Shirts,Nike,Delhivery Fulfillment,4626.71,3539.33,2025-07-28,2025-07-28,2025-07-28
100,CLO-MEN-0100,Zara Checked Shirt,Clothing,Men Shirts,Zara,Metro Cash and Carry,4548.65,3180.55,2023-04-23,2023-04-23,2023-04-23
101,CLO-MEN-0101,Adidas Linen Shirt,Clothing,Men Shirts,Adidas,Aditya Birla Distribution,4409.98,3746.14,2026-04-09,2026-04-09,2026-04-09
102,CLO-MEN-0102,Van Heusen Formal Shirt,Clothing,Men Shirts,Van Heusen,Safexpress Logistics,3295.33,2339.34,2023-05-04,2023-05-04,2023-05-04
103,CLO-MEN-0103,Allen Solly Casual Shirt,Clothing,Men Shirts,Allen Solly,TVS Supply Chain Solutions,2620.15,2124.01,2024-10-14,2024-10-14,2024-10-14
104,CLO-MEN-0104,Van Heusen Formal Shirt 1,Clothing,Men Shirts,Van Heusen,Delhivery Fulfillment,2730.9,1908.95,2024-08-10,2024-08-10,2024-08-10
105,CLO-MEN-0105,Roadster Linen Shirt,Clothing,Men Shirts,Roadster,Future Retail Distribution,918.85,587.12,2022-10-08,2022-10-08,2022-10-08
106,CLO-MEN-0106,Adidas Casual Shirt,Clothing,Men Shirts,Adidas,Tata Consumer Distribution,1280.73,1044.35,2023-12-17,2023-12-17,2023-12-17
107,CLO-MEN-0107,Nike Casual Shirt,Clothing,Men Shirts,Nike,Ecom Express Supply Chain,3877.82,2428.96,2022-08-22,2022-08-22,2022-08-22
108,CLO-MEN-0108,H&M Slim Fit Shirt,Clothing,Men Shirts,H&M,Allcargo Supply Chain,4896.36,3978.52,2023-03-31,2023-03-31,2023-03-31
109,CLO-MEN-0109,Puma Slim Fit Shirt,Clothing,Men Shirts,Puma,Allcargo Supply Chain,4818.62,4057.79,2026-02-17,2026-02-17,2026-02-17
110,CLO-MEN-0110,Wrogn Slim Fit Shirt,Clothing,Men Shirts,Wrogn,Reliance Retail Supply Chain,2028.05,1531.95,2025-10-14,2025-10-14,2025-10-14
111,CLO-MEN-0111,Peter England Skinny Jeans,Clothing,Men Jeans,Peter England,Ecom Express Supply Chain,2868.34,2108.42,2025-08-25,2025-08-25,2025-08-25
112,CLO-MEN-0112,H&M Stretch Jeans,Clothing,Men Jeans,H&M,Snowman Logistics,1673.42,1109.46,2024-12-28,2024-12-28,2024-12-28
113,CLO-MEN-0113,H&M Stretch Jeans 1,Clothing,Men Jeans,H&M,Safexpress Logistics,2397.57,2027.71,2025-04-26,2025-04-26,2025-04-26
114,CLO-MEN-0114,Roadster Regular Fit Jeans,Clothing,Men Jeans,Roadster,TVS Supply Chain Solutions,2762.7,2346.7,2022-09-22,2022-09-22,2022-09-22
115,CLO-MEN-0115,Zara Stretch Jeans,Clothing,Men Jeans,Zara,Aditya Birla Distribution,3361.33,2178.06,2026-04-18,2026-04-18,2026-04-18
116,CLO-MEN-0116,Adidas Regular Fit Jeans,Clothing,Men Jeans,Adidas,Future Retail Distribution,1128.31,763.9,2023-10-22,2023-10-22,2023-10-22
117,CLO-MEN-0117,Zara Regular Fit Jeans,Clothing,Men Jeans,Zara,Snowman Logistics,632.25,470.33,2024-01-18,2024-01-18,2024-01-18
118,CLO-MEN-0118,H&M Slim Fit Jeans,Clothing,Men Jeans,H&M,Allcargo Supply Chain,1612.53,1344.65,2024-08-09,2024-08-09,2024-08-09
119,CLO-MEN-0119,Peter England Skinny Jeans 1,Clothing,Men Jeans,Peter England,Delhivery Fulfillment,436.11,366.28,2024-01-05,2024-01-05,2024-01-05
120,CLO-MEN-0120,Van Heusen Skinny Jeans,Clothing,Men Jeans,Van Heusen,Redington India,4603.07,2835.06,2021-06-22,2021-06-22,2021-06-22
121,CLO-MEN-0121,FabIndia Slim Fit Jeans,Clothing,Men Jeans,FabIndia,Blue Dart Distribution,3443.92,2845.99,2022-11-27,2022-11-27,2022-11-27
122,CLO-MEN-0122,H&M Chino Pants,Clothing,Men Trousers,H&M,Delhivery Fulfillment,1044.04,672.83,2026-04-26,2026-04-26,2026-04-26
123,CLO-MEN-0123,Levis Chino Pants,Clothing,Men Trousers,Levis,Blue Dart Distribution,1798.51,1134.0,2022-11-17,2022-11-17,2022-11-17
124,CLO-MEN-0124,Levis Formal Trouser,Clothing,Men Trousers,Levis,Reliance Retail Supply Chain,1766.29,1084.24,2024-08-21,2024-08-21,2024-08-21
125,CLO-MEN-0125,Wrogn Formal Trouser,Clothing,Men Trousers,Wrogn,Aditya Birla Distribution,2434.71,2032.08,2021-10-30,2021-10-30,2021-10-30
126,CLO-MEN-0126,Roadster Stretch Trouser,Clothing,Men Trousers,Roadster,Ecom Express Supply Chain,3987.92,2543.83,2024-09-23,2024-09-23,2024-09-23
127,CLO-MEN-0127,FabIndia Stretch Trouser,Clothing,Men Trousers,FabIndia,Metro Cash and Carry,4623.17,3171.19,2026-04-01,2026-04-01,2026-04-01
128,CLO-MEN-0128,H&M Formal Trouser,Clothing,Men Trousers,H&M,TVS Supply Chain Solutions,1424.64,1061.51,2024-07-07,2024-07-07,2024-07-07
129,CLO-MEN-0129,Levis Chino Pants 1,Clothing,Men Trousers,Levis,TVS Supply Chain Solutions,1978.1,1623.15,2023-01-07,2023-01-07,2023-01-07
130,CLO-MEN-0130,Puma Stretch Trouser,Clothing,Men Trousers,Puma,Safexpress Logistics,4555.6,3550.12,2025-03-20,2025-03-20,2025-03-20
131,CLO-MEN-0131,Wrogn Chino Pants,Clothing,Men Trousers,Wrogn,TVS Supply Chain Solutions,1565.38,972.21,2026-01-30,2026-01-30,2026-01-30
132,CLO-MEN-0132,Levis Cotton Trouser,Clothing,Men Trousers,Levis,TVS Supply Chain Solutions,4274.65,3433.24,2025-07-27,2025-07-27,2025-07-27
133,CLO-MEN-0133,Wrogn Denim Jacket,Clothing,Men Jackets,Wrogn,Aditya Birla Distribution,3816.9,2482.74,2025-09-25,2025-09-25,2025-09-25
134,CLO-MEN-0134,FabIndia Denim Jacket,Clothing,Men Jackets,FabIndia,Tata Consumer Distribution,710.32,474.75,2021-08-12,2021-08-12,2021-08-12
135,CLO-MEN-0135,Nike Denim Jacket,Clothing,Men Jackets,Nike,Future Retail Distribution,2169.24,1577.83,2026-04-27,2026-04-27,2026-04-27
136,CLO-MEN-0136,Wrogn Hooded Jacket,Clothing,Men Jackets,Wrogn,TVS Supply Chain Solutions,2768.06,1667.75,2023-12-13,2023-12-13,2023-12-13
137,CLO-MEN-0137,Allen Solly Winter Jacket,Clothing,Men Jackets,Allen Solly,Reliance Retail Supply Chain,4656.75,3670.69,2023-02-17,2023-02-17,2023-02-17
138,CLO-MEN-0138,Adidas Bomber Jacket,Clothing,Men Jackets,Adidas,Blue Dart Distribution,611.77,453.5,2025-01-11,2025-01-11,2025-01-11
139,CLO-MEN-0139,Zara Denim Jacket,Clothing,Men Jackets,Zara,Allcargo Supply Chain,4435.21,2765.54,2025-01-27,2025-01-27,2025-01-27
140,CLO-MEN-0140,FabIndia Denim Jacket 1,Clothing,Men Jackets,FabIndia,TVS Supply Chain Solutions,2369.13,1690.45,2022-02-22,2022-02-22,2022-02-22
141,CLO-MEN-0141,Adidas Bomber Jacket 1,Clothing,Men Jackets,Adidas,Reliance Retail Supply Chain,4099.99,2558.51,2024-12-10,2024-12-10,2024-12-10
142,CLO-MEN-0142,H&M Hooded Jacket,Clothing,Men Jackets,H&M,Delhivery Fulfillment,564.15,413.56,2024-08-04,2024-08-04,2024-08-04
143,CLO-MEN-0143,Zara Hooded Jacket,Clothing,Men Jackets,Zara,Ingram Micro India,4152.67,2613.67,2021-06-20,2021-06-20,2021-06-20
144,CLO-MEN-0144,Zara Ethnic Kurta,Clothing,Men Ethnic Wear,Zara,Delhivery Fulfillment,871.89,710.28,2022-02-12,2022-02-12,2022-02-12
145,CLO-MEN-0145,Van Heusen Nehru Jacket,Clothing,Men Ethnic Wear,Van Heusen,Metro Cash and Carry,1404.79,969.46,2024-11-22,2024-11-22,2024-11-22
146,CLO-MEN-0146,FabIndia Kurta Set,Clothing,Men Ethnic Wear,FabIndia,Allcargo Supply Chain,1151.04,781.49,2026-06-14,2026-06-14,2026-06-14
147,CLO-MEN-0147,US Polo Kurta Set,Clothing,Men Ethnic Wear,US Polo,Tata Consumer Distribution,3526.35,2993.08,2024-08-25,2024-08-25,2024-08-25
148,CLO-MEN-0148,Max Kurta Set,Clothing,Men Ethnic Wear,Max,Tata Consumer Distribution,3282.0,2359.12,2024-11-06,2024-11-06,2024-11-06
149,CLO-MEN-0149,Roadster Kurta Set,Clothing,Men Ethnic Wear,Roadster,Mahindra Logistics,1168.12,905.07,2025-07-10,2025-07-10,2025-07-10
150,CLO-MEN-0150,Peter England Ethnic Kurta,Clothing,Men Ethnic Wear,Peter England,Snowman Logistics,4719.36,3334.66,2023-09-25,2023-09-25,2023-09-25
151,CLO-MEN-0151,Van Heusen Nehru Jacket 1,Clothing,Men Ethnic Wear,Van Heusen,Ecom Express Supply Chain,399.0,314.14,2024-06-04,2024-06-04,2024-06-04
152,CLO-MEN-0152,Levis Kurta Set,Clothing,Men Ethnic Wear,Levis,Ingram Micro India,4596.13,2836.23,2026-01-26,2026-01-26,2026-01-26
153,CLO-MEN-0153,Van Heusen Ethnic Kurta,Clothing,Men Ethnic Wear,Van Heusen,Blue Dart Distribution,2358.59,1939.29,2024-11-01,2024-11-01,2024-11-01
154,CLO-MEN-0154,Levis Ethnic Kurta,Clothing,Men Ethnic Wear,Levis,Aditya Birla Distribution,3144.87,2225.08,2024-07-26,2024-07-26,2024-07-26
155,CLO-MEN-0155,Nike Sports Shoes,Clothing,Men Footwear,Nike,Blue Dart Distribution,2552.43,1669.34,2022-05-11,2022-05-11,2022-05-11
156,CLO-MEN-0156,Roadster Slip On Shoes,Clothing,Men Footwear,Roadster,TVS Supply Chain Solutions,2784.53,2034.51,2025-05-27,2025-05-27,2025-05-27
157,CLO-MEN-0157,Max Formal Shoes,Clothing,Men Footwear,Max,Ecom Express Supply Chain,1734.52,1264.63,2021-07-14,2021-07-14,2021-07-14
158,CLO-MEN-0158,Roadster Sports Shoes,Clothing,Men Footwear,Roadster,Snowman Logistics,1352.29,832.51,2023-07-21,2023-07-21,2023-07-21
159,CLO-MEN-0159,Peter England Sneakers,Clothing,Men Footwear,Peter England,Aditya Birla Distribution,608.01,466.0,2023-08-18,2023-08-18,2023-08-18
160,CLO-MEN-0160,Zara Formal Shoes,Clothing,Men Footwear,Zara,Aditya Birla Distribution,3541.86,2342.81,2025-09-10,2025-09-10,2025-09-10
161,CLO-MEN-0161,Louis Philippe Formal Shoes,Clothing,Men Footwear,Louis Philippe,Ecom Express Supply Chain,2198.56,1392.54,2023-08-09,2023-08-09,2023-08-09
162,CLO-MEN-0162,Adidas Sneakers,Clothing,Men Footwear,Adidas,Tata Consumer Distribution,3295.13,2505.06,2026-04-07,2026-04-07,2026-04-07
163,CLO-MEN-0163,US Polo Formal Shoes,Clothing,Men Footwear,US Polo,Allcargo Supply Chain,3250.0,2718.18,2025-03-09,2025-03-09,2025-03-09
164,CLO-MEN-0164,Levis Formal Shoes,Clothing,Men Footwear,Levis,TVS Supply Chain Solutions,2304.23,1908.03,2023-11-27,2023-11-27,2023-11-27
165,CLO-MEN-0165,Roadster Slip On Shoes 1,Clothing,Men Footwear,Roadster,Delhivery Fulfillment,4869.55,3169.7,2023-06-06,2023-06-06,2023-06-06
166,CLO-MEN-0166,Van Heusen Gym Vest,Clothing,Men Sportswear,Van Heusen,Ecom Express Supply Chain,1220.03,778.41,2024-06-18,2024-06-18,2024-06-18
167,CLO-MEN-0167,US Polo Training Shorts,Clothing,Men Sportswear,US Polo,Reliance Retail Supply Chain,1234.43,769.63,2024-05-14,2024-05-14,2024-05-14
168,CLO-MEN-0168,Roadster Track Pant,Clothing,Men Sportswear,Roadster,Delhivery Fulfillment,3662.12,2718.17,2024-03-28,2024-03-28,2024-03-28
169,CLO-MEN-0169,Nike Sports T-Shirt,Clothing,Men Sportswear,Nike,Metro Cash and Carry,4062.08,2617.99,2023-03-24,2023-03-24,2023-03-24
170,CLO-MEN-0170,Adidas Sports T-Shirt,Clothing,Men Sportswear,Adidas,Ecom Express Supply Chain,4849.6,3955.78,2025-08-01,2025-08-01,2025-08-01
171,CLO-MEN-0171,Allen Solly Gym Vest,Clothing,Men Sportswear,Allen Solly,TVS Supply Chain Solutions,1138.36,958.86,2025-10-20,2025-10-20,2025-10-20
172,CLO-MEN-0172,Peter England Sports T-Shirt,Clothing,Men Sportswear,Peter England,Blue Dart Distribution,1700.75,1378.22,2023-02-02,2023-02-02,2023-02-02
173,CLO-MEN-0173,Puma Gym Vest,Clothing,Men Sportswear,Puma,Ingram Micro India,975.16,641.98,2024-05-06,2024-05-06,2024-05-06
174,CLO-MEN-0174,US Polo Track Pant,Clothing,Men Sportswear,US Polo,Ingram Micro India,765.47,467.65,2024-08-19,2024-08-19,2024-08-19
175,CLO-MEN-0175,Louis Philippe Track Pant,Clothing,Men Sportswear,Louis Philippe,Snowman Logistics,1501.1,1191.02,2025-08-06,2025-08-06,2025-08-06
176,CLO-MEN-0176,H&M Gym Vest,Clothing,Men Sportswear,H&M,Ingram Micro India,4180.05,2812.58,2024-01-11,2024-01-11,2024-01-11
177,CLO-WOM-0177,Van Heusen Party Dress,Clothing,Women Dresses,Van Heusen,Reliance Retail Supply Chain,4426.99,3154.68,2023-12-25,2023-12-25,2023-12-25
178,CLO-WOM-0178,Nike Maxi Dress,Clothing,Women Dresses,Nike,Reliance Retail Supply Chain,3329.59,2782.63,2022-06-10,2022-06-10,2022-06-10
179,CLO-WOM-0179,US Polo Summer Dress,Clothing,Women Dresses,US Polo,Tata Consumer Distribution,4194.7,3535.96,2025-04-10,2025-04-10,2025-04-10
180,CLO-WOM-0180,FabIndia Party Dress,Clothing,Women Dresses,FabIndia,Future Retail Distribution,4920.73,3505.88,2026-05-19,2026-05-19,2026-05-19
181,CLO-WOM-0181,Zara Summer Dress,Clothing,Women Dresses,Zara,Allcargo Supply Chain,4749.82,3417.5,2022-04-20,2022-04-20,2022-04-20
182,CLO-WOM-0182,Louis Philippe Summer Dress,Clothing,Women Dresses,Louis Philippe,Allcargo Supply Chain,4144.33,2678.97,2022-10-05,2022-10-05,2022-10-05
183,CLO-WOM-0183,Adidas Maxi Dress,Clothing,Women Dresses,Adidas,Future Retail Distribution,2951.72,1857.39,2021-10-16,2021-10-16,2021-10-16
184,CLO-WOM-0184,Louis Philippe Floral Dress,Clothing,Women Dresses,Louis Philippe,Reliance Retail Supply Chain,330.43,219.56,2025-09-17,2025-09-17,2025-09-17
185,CLO-WOM-0185,Max Party Dress,Clothing,Women Dresses,Max,Reliance Retail Supply Chain,536.55,357.74,2025-01-25,2025-01-25,2025-01-25
186,CLO-WOM-0186,Wrogn Maxi Dress,Clothing,Women Dresses,Wrogn,Safexpress Logistics,3459.16,2936.09,2023-01-27,2023-01-27,2023-01-27
187,CLO-WOM-0187,Adidas Summer Dress,Clothing,Women Dresses,Adidas,Ingram Micro India,1876.23,1377.31,2025-04-12,2025-04-12,2025-04-12
188,CLO-TOP-0188,Allen Solly Model 282,Clothing,Tops,Allen Solly,TVS Supply Chain Solutions,1088.78,893.08,2022-01-09,2022-01-09,2022-01-09
189,CLO-TOP-0189,Puma Model 724,Clothing,Tops,Puma,Delhivery Fulfillment,1020.25,828.74,2024-10-05,2024-10-05,2024-10-05
190,CLO-TOP-0190,US Polo Model 230,Clothing,Tops,US Polo,Safexpress Logistics,4287.67,3022.52,2022-12-21,2022-12-21,2022-12-21
191,CLO-TOP-0191,H&M Model 180,Clothing,Tops,H&M,Future Retail Distribution,4354.0,2988.66,2025-05-19,2025-05-19,2025-05-19
192,CLO-TOP-0192,H&M Model 717,Clothing,Tops,H&M,Metro Cash and Carry,3895.75,2711.11,2025-09-10,2025-09-10,2025-09-10
193,CLO-TOP-0193,US Polo Model 194,Clothing,Tops,US Polo,Blue Dart Distribution,1956.09,1234.84,2023-11-05,2023-11-05,2023-11-05
194,CLO-TOP-0194,Levis Model 235,Clothing,Tops,Levis,Blue Dart Distribution,3112.02,1880.9,2026-01-08,2026-01-08,2026-01-08
195,CLO-TOP-0195,Allen Solly Model 753,Clothing,Tops,Allen Solly,Delhivery Fulfillment,667.37,543.59,2022-04-23,2022-04-23,2022-04-23
196,CLO-TOP-0196,Van Heusen Model 530,Clothing,Tops,Van Heusen,Future Retail Distribution,4366.42,2834.91,2026-02-26,2026-02-26,2026-02-26
197,CLO-TOP-0197,Levis Model 721,Clothing,Tops,Levis,Safexpress Logistics,1496.83,1000.81,2024-08-03,2024-08-03,2024-08-03
198,CLO-TOP-0198,Max Model 173,Clothing,Tops,Max,Allcargo Supply Chain,971.04,610.32,2025-12-05,2025-12-05,2025-12-05
199,CLO-WOM-0199,Zara Regular Jeans,Clothing,Women Jeans,Zara,Redington India,2281.5,1878.34,2026-02-02,2026-02-02,2026-02-02
200,CLO-WOM-0200,Peter England Skinny Jeans 2,Clothing,Women Jeans,Peter England,TVS Supply Chain Solutions,1468.85,1182.19,2022-01-19,2022-01-19,2022-01-19
201,CLO-WOM-0201,Max High Rise Jeans,Clothing,Women Jeans,Max,Future Retail Distribution,905.95,728.06,2025-09-03,2025-09-03,2025-09-03
202,CLO-WOM-0202,Wrogn Skinny Jeans,Clothing,Women Jeans,Wrogn,Delhivery Fulfillment,2613.13,1590.64,2022-01-11,2022-01-11,2022-01-11
203,CLO-WOM-0203,Puma High Rise Jeans,Clothing,Women Jeans,Puma,Safexpress Logistics,2567.6,2150.0,2025-11-27,2025-11-27,2025-11-27
204,CLO-WOM-0204,Louis Philippe Regular Jeans,Clothing,Women Jeans,Louis Philippe,Mahindra Logistics,2821.21,2283.16,2024-12-21,2024-12-21,2024-12-21
205,CLO-WOM-0205,Wrogn Mom Fit Jeans,Clothing,Women Jeans,Wrogn,Mahindra Logistics,2988.29,2197.78,2023-10-25,2023-10-25,2023-10-25
206,CLO-WOM-0206,Roadster High Rise Jeans,Clothing,Women Jeans,Roadster,Safexpress Logistics,3167.65,2346.49,2024-08-03,2024-08-03,2024-08-03
207,CLO-WOM-0207,Levis Mom Fit Jeans,Clothing,Women Jeans,Levis,Snowman Logistics,1249.97,954.0,2024-05-07,2024-05-07,2024-05-07
208,CLO-WOM-0208,Nike High Rise Jeans,Clothing,Women Jeans,Nike,Future Retail Distribution,4159.28,3447.32,2024-03-10,2024-03-10,2024-03-10
209,CLO-WOM-0209,US Polo Skinny Jeans,Clothing,Women Jeans,US Polo,Delhivery Fulfillment,4201.88,2850.86,2023-10-17,2023-10-17,2023-10-17
210,CLO-KUR-0210,Max Model 410,Clothing,Kurtis,Max,Future Retail Distribution,3853.81,2682.97,2022-04-13,2022-04-13,2022-04-13
211,CLO-KUR-0211,Roadster Model 144,Clothing,Kurtis,Roadster,Snowman Logistics,4647.14,3648.77,2024-06-25,2024-06-25,2024-06-25
212,CLO-KUR-0212,Van Heusen Model 325,Clothing,Kurtis,Van Heusen,Ingram Micro India,4287.87,3603.13,2025-06-23,2025-06-23,2025-06-23
213,CLO-KUR-0213,Van Heusen Model 552,Clothing,Kurtis,Van Heusen,Ecom Express Supply Chain,3988.3,2986.21,2024-12-31,2024-12-31,2024-12-31
214,CLO-KUR-0214,US Polo Model 185,Clothing,Kurtis,US Polo,Mahindra Logistics,2834.65,1962.05,2024-05-16,2024-05-16,2024-05-16
215,CLO-KUR-0215,Louis Philippe Model 363,Clothing,Kurtis,Louis Philippe,Redington India,2811.96,2366.39,2022-06-23,2022-06-23,2022-06-23
216,CLO-KUR-0216,FabIndia Model 534,Clothing,Kurtis,FabIndia,Safexpress Logistics,972.88,602.76,2023-03-28,2023-03-28,2023-03-28
217,CLO-KUR-0217,US Polo Model 322,Clothing,Kurtis,US Polo,Allcargo Supply Chain,3633.35,3004.38,2025-01-27,2025-01-27,2025-01-27
218,CLO-KUR-0218,Wrogn Model 177,Clothing,Kurtis,Wrogn,Reliance Retail Supply Chain,846.5,567.73,2021-08-17,2021-08-17,2021-08-17
219,CLO-KUR-0219,Wrogn Model 229,Clothing,Kurtis,Wrogn,Snowman Logistics,3423.04,2197.03,2025-01-08,2025-01-08,2025-01-08
220,CLO-KUR-0220,Louis Philippe Model 575,Clothing,Kurtis,Louis Philippe,Allcargo Supply Chain,1120.41,674.11,2025-01-29,2025-01-29,2025-01-29
221,CLO-SAR-0221,Allen Solly Model 194,Clothing,Sarees,Allen Solly,Allcargo Supply Chain,3806.95,2803.53,2024-01-05,2024-01-05,2024-01-05
222,CLO-SAR-0222,Van Heusen Model 102,Clothing,Sarees,Van Heusen,Aditya Birla Distribution,3859.8,2895.99,2025-04-01,2025-04-01,2025-04-01
223,CLO-SAR-0223,H&M Model 686,Clothing,Sarees,H&M,Ecom Express Supply Chain,4666.5,3953.07,2025-02-11,2025-02-11,2025-02-11
224,CLO-SAR-0224,Roadster Model 694,Clothing,Sarees,Roadster,Allcargo Supply Chain,828.32,543.53,2022-09-21,2022-09-21,2022-09-21
225,CLO-SAR-0225,Zara Model 345,Clothing,Sarees,Zara,Safexpress Logistics,542.75,419.89,2022-09-22,2022-09-22,2022-09-22
226,CLO-SAR-0226,Puma Model 882,Clothing,Sarees,Puma,TVS Supply Chain Solutions,3531.09,2557.44,2022-06-14,2022-06-14,2022-06-14
227,CLO-SAR-0227,Wrogn Model 411,Clothing,Sarees,Wrogn,Delhivery Fulfillment,2758.32,2121.63,2024-10-16,2024-10-16,2024-10-16
228,CLO-SAR-0228,Puma Model 220,Clothing,Sarees,Puma,Metro Cash and Carry,3628.26,2477.22,2026-02-13,2026-02-13,2026-02-13
229,CLO-SAR-0229,Roadster Model 813,Clothing,Sarees,Roadster,Allcargo Supply Chain,4533.89,3655.6,2023-08-03,2023-08-03,2023-08-03
230,CLO-SAR-0230,Zara Model 432,Clothing,Sarees,Zara,Blue Dart Distribution,2915.14,2115.18,2023-05-29,2023-05-29,2023-05-29
231,CLO-SAR-0231,Zara Model 293,Clothing,Sarees,Zara,Tata Consumer Distribution,4958.95,3677.88,2024-02-25,2024-02-25,2024-02-25
232,CLO-WOM-0232,Wrogn Denim Jacket 1,Clothing,Women Jackets,Wrogn,Ecom Express Supply Chain,418.03,292.18,2022-02-23,2022-02-23,2022-02-23
233,CLO-WOM-0233,Nike Long Coat,Clothing,Women Jackets,Nike,Delhivery Fulfillment,3158.73,2024.57,2022-05-08,2022-05-08,2022-05-08
234,CLO-WOM-0234,Zara Long Coat,Clothing,Women Jackets,Zara,Safexpress Logistics,3826.0,3187.93,2024-09-12,2024-09-12,2024-09-12
235,CLO-WOM-0235,Adidas Denim Jacket,Clothing,Women Jackets,Adidas,Reliance Retail Supply Chain,1410.89,1042.12,2024-01-08,2024-01-08,2024-01-08
236,CLO-WOM-0236,Puma Long Coat,Clothing,Women Jackets,Puma,Blue Dart Distribution,1542.34,997.06,2024-05-20,2024-05-20,2024-05-20
237,CLO-WOM-0237,Van Heusen Winter Jacket,Clothing,Women Jackets,Van Heusen,Delhivery Fulfillment,4807.68,3827.92,2022-08-23,2022-08-23,2022-08-23
238,CLO-WOM-0238,H&M Winter Jacket,Clothing,Women Jackets,H&M,Snowman Logistics,3774.36,2802.58,2025-11-18,2025-11-18,2025-11-18
239,CLO-WOM-0239,Puma Long Coat 1,Clothing,Women Jackets,Puma,Reliance Retail Supply Chain,1914.26,1302.77,2024-09-02,2024-09-02,2024-09-02
240,CLO-WOM-0240,Adidas Denim Jacket 1,Clothing,Women Jackets,Adidas,Delhivery Fulfillment,1809.19,1449.12,2024-09-12,2024-09-12,2024-09-12
241,CLO-WOM-0241,Louis Philippe Denim Jacket,Clothing,Women Jackets,Louis Philippe,Aditya Birla Distribution,878.1,686.87,2022-06-02,2022-06-02,2022-06-02
242,CLO-WOM-0242,Max Long Coat,Clothing,Women Jackets,Max,Snowman Logistics,4887.83,4140.55,2025-10-26,2025-10-26,2025-10-26
243,CLO-WOM-0243,Roadster Flats,Clothing,Women Footwear,Roadster,Reliance Retail Supply Chain,4502.66,3677.16,2026-01-27,2026-01-27,2026-01-27
244,CLO-WOM-0244,Wrogn Sandals,Clothing,Women Footwear,Wrogn,Snowman Logistics,701.24,554.5,2026-06-10,2026-06-10,2026-06-10
245,CLO-WOM-0245,US Polo Sandals,Clothing,Women Footwear,US Polo,Tata Consumer Distribution,2732.2,2070.7,2023-01-18,2023-01-18,2023-01-18
246,CLO-WOM-0246,Roadster Sports Shoes 1,Clothing,Women Footwear,Roadster,Blue Dart Distribution,4288.92,3560.58,2022-07-22,2022-07-22,2022-07-22
247,CLO-WOM-0247,Nike Heels,Clothing,Women Footwear,Nike,Ingram Micro India,2922.29,2067.89,2022-03-22,2022-03-22,2022-03-22
248,CLO-WOM-0248,Wrogn Flats,Clothing,Women Footwear,Wrogn,Ecom Express Supply Chain,2863.7,2021.62,2026-02-02,2026-02-02,2026-02-02
249,CLO-WOM-0249,Zara Heels,Clothing,Women Footwear,Zara,Aditya Birla Distribution,4176.62,3018.47,2022-10-30,2022-10-30,2022-10-30
250,CLO-WOM-0250,Wrogn Flats 1,Clothing,Women Footwear,Wrogn,Reliance Retail Supply Chain,398.29,333.87,2021-12-02,2021-12-02,2021-12-02
251,CLO-WOM-0251,Max Flats,Clothing,Women Footwear,Max,Future Retail Distribution,1369.71,931.54,2025-02-13,2025-02-13,2025-02-13
252,CLO-WOM-0252,Levis Sandals,Clothing,Women Footwear,Levis,Blue Dart Distribution,1316.64,1080.6,2024-04-06,2024-04-06,2024-04-06
253,CLO-WOM-0253,Louis Philippe Sports Shoes,Clothing,Women Footwear,Louis Philippe,Allcargo Supply Chain,4300.87,3201.39,2024-03-08,2024-03-08,2024-03-08
254,CLO-WOM-0254,Roadster Yoga Pants,Clothing,Women Activewear,Roadster,Tata Consumer Distribution,917.88,709.23,2024-08-22,2024-08-22,2024-08-22
255,CLO-WOM-0255,US Polo Workout Top,Clothing,Women Activewear,US Polo,Allcargo Supply Chain,4455.84,3723.79,2021-10-10,2021-10-10,2021-10-10
256,CLO-WOM-0256,Adidas Sports Bra,Clothing,Women Activewear,Adidas,Reliance Retail Supply Chain,2417.91,1918.45,2024-10-21,2024-10-21,2024-10-21
257,CLO-WOM-0257,Nike Sports Bra,Clothing,Women Activewear,Nike,Tata Consumer Distribution,3710.74,2375.18,2023-03-29,2023-03-29,2023-03-29
258,CLO-WOM-0258,Peter England Training Tights,Clothing,Women Activewear,Peter England,TVS Supply Chain Solutions,1278.58,1072.52,2022-05-03,2022-05-03,2022-05-03
259,CLO-WOM-0259,US Polo Workout Top 1,Clothing,Women Activewear,US Polo,Mahindra Logistics,2559.1,1999.27,2026-02-10,2026-02-10,2026-02-10
260,CLO-WOM-0260,Wrogn Training Tights,Clothing,Women Activewear,Wrogn,Safexpress Logistics,892.28,626.87,2025-03-22,2025-03-22,2025-03-22
261,CLO-WOM-0261,Peter England Training Tights 1,Clothing,Women Activewear,Peter England,Snowman Logistics,3066.81,2518.68,2021-11-14,2021-11-14,2021-11-14
262,CLO-WOM-0262,Nike Workout Top,Clothing,Women Activewear,Nike,Redington India,606.23,471.51,2025-08-15,2025-08-15,2025-08-15
263,CLO-WOM-0263,Puma Workout Top,Clothing,Women Activewear,Puma,TVS Supply Chain Solutions,938.6,585.7,2025-12-01,2025-12-01,2025-12-01
264,CLO-WOM-0264,Roadster Yoga Pants 1,Clothing,Women Activewear,Roadster,Future Retail Distribution,2781.32,1837.05,2024-10-02,2024-10-02,2024-10-02
265,CLO-KID-0265,Roadster Kids Shorts,Clothing,Kids Clothing,Roadster,Metro Cash and Carry,4515.99,3154.11,2025-06-09,2025-06-09,2025-06-09
266,CLO-KID-0266,Levis Kids Jeans,Clothing,Kids Clothing,Levis,Ingram Micro India,804.62,633.01,2024-05-19,2024-05-19,2024-05-19
267,CLO-KID-0267,Adidas Kids Shorts,Clothing,Kids Clothing,Adidas,Redington India,4558.49,3492.85,2022-02-03,2022-02-03,2022-02-03
268,CLO-KID-0268,Adidas Kids Shirt,Clothing,Kids Clothing,Adidas,Ecom Express Supply Chain,1855.01,1331.74,2023-05-08,2023-05-08,2023-05-08
269,CLO-KID-0269,Puma Kids Shirt,Clothing,Kids Clothing,Puma,Metro Cash and Carry,3072.73,2414.58,2021-06-29,2021-06-29,2021-06-29
270,CLO-KID-0270,Allen Solly Kids Shorts,Clothing,Kids Clothing,Allen Solly,Aditya Birla Distribution,1433.93,949.93,2023-09-10,2023-09-10,2023-09-10
271,CLO-KID-0271,Max Kids T-Shirt,Clothing,Kids Clothing,Max,Aditya Birla Distribution,735.51,464.89,2022-02-20,2022-02-20,2022-02-20
272,CLO-KID-0272,Puma Kids Shorts,Clothing,Kids Clothing,Puma,Blue Dart Distribution,3729.13,2655.08,2023-11-09,2023-11-09,2023-11-09
273,CLO-KID-0273,FabIndia Kids Shorts,Clothing,Kids Clothing,FabIndia,Ecom Express Supply Chain,582.33,481.94,2021-10-23,2021-10-23,2021-10-23
274,CLO-KID-0274,Allen Solly Kids Jeans,Clothing,Kids Clothing,Allen Solly,Tata Consumer Distribution,4728.54,3281.66,2025-12-03,2025-12-03,2025-12-03
275,CLO-KID-0275,Max Kids Jeans,Clothing,Kids Clothing,Max,Delhivery Fulfillment,3294.13,2744.25,2024-07-27,2024-07-27,2024-07-27
276,CLO-KID-0276,Roadster Kids Sandals,Clothing,Kids Footwear,Roadster,Safexpress Logistics,1856.28,1287.89,2025-08-04,2025-08-04,2025-08-04
277,CLO-KID-0277,Louis Philippe Kids Sneakers,Clothing,Kids Footwear,Louis Philippe,Mahindra Logistics,1117.77,829.2,2024-09-04,2024-09-04,2024-09-04
278,CLO-KID-0278,Max Kids School Shoes,Clothing,Kids Footwear,Max,Tata Consumer Distribution,1651.15,1181.44,2026-06-15,2026-06-15,2026-06-15
279,CLO-KID-0279,FabIndia Kids Sandals,Clothing,Kids Footwear,FabIndia,Aditya Birla Distribution,4247.09,3067.34,2023-03-03,2023-03-03,2023-03-03
280,CLO-KID-0280,H&M Kids School Shoes,Clothing,Kids Footwear,H&M,Blue Dart Distribution,2824.3,1941.15,2025-08-20,2025-08-20,2025-08-20
281,CLO-KID-0281,US Polo Kids Sandals,Clothing,Kids Footwear,US Polo,Tata Consumer Distribution,1107.58,716.77,2022-10-23,2022-10-23,2022-10-23
282,CLO-KID-0282,Van Heusen Kids Sneakers,Clothing,Kids Footwear,Van Heusen,Allcargo Supply Chain,1322.02,901.07,2025-11-02,2025-11-02,2025-11-02
283,CLO-KID-0283,Zara Kids Sandals,Clothing,Kids Footwear,Zara,Ingram Micro India,2973.5,1945.81,2024-07-07,2024-07-07,2024-07-07
284,CLO-KID-0284,Roadster Kids Sandals 1,Clothing,Kids Footwear,Roadster,Redington India,2685.85,1847.4,2024-10-13,2024-10-13,2024-10-13
285,CLO-KID-0285,Van Heusen Kids School Shoes,Clothing,Kids Footwear,Van Heusen,Snowman Logistics,2197.2,1544.97,2022-06-17,2022-06-17,2022-06-17
286,CLO-KID-0286,Max Kids School Shoes 1,Clothing,Kids Footwear,Max,Delhivery Fulfillment,2663.63,2148.64,2022-09-28,2022-09-28,2022-09-28
287,CLO-KID-0287,H&M Kids Jacket,Clothing,Kids Winter Wear,H&M,Snowman Logistics,2288.98,1404.69,2024-08-15,2024-08-15,2024-08-15
288,CLO-KID-0288,Allen Solly Kids Hoodie,Clothing,Kids Winter Wear,Allen Solly,Reliance Retail Supply Chain,384.19,275.46,2023-07-19,2023-07-19,2023-07-19
289,CLO-KID-0289,US Polo Kids Sweater,Clothing,Kids Winter Wear,US Polo,Ingram Micro India,1666.17,1226.07,2025-05-06,2025-05-06,2025-05-06
290,CLO-KID-0290,H&M Kids Hoodie,Clothing,Kids Winter Wear,H&M,Ingram Micro India,4240.0,2829.23,2021-10-02,2021-10-02,2021-10-02
291,CLO-KID-0291,Levis Kids Sweater,Clothing,Kids Winter Wear,Levis,Mahindra Logistics,1353.98,1132.86,2022-02-11,2022-02-11,2022-02-11
292,CLO-KID-0292,Wrogn Kids Jacket,Clothing,Kids Winter Wear,Wrogn,Reliance Retail Supply Chain,3035.37,2443.8,2024-02-02,2024-02-02,2024-02-02
293,CLO-KID-0293,Zara Kids Sweater,Clothing,Kids Winter Wear,Zara,Reliance Retail Supply Chain,721.34,506.5,2026-04-19,2026-04-19,2026-04-19
294,CLO-KID-0294,Max Kids Jacket,Clothing,Kids Winter Wear,Max,Tata Consumer Distribution,2861.5,2408.75,2024-01-30,2024-01-30,2024-01-30
295,CLO-KID-0295,Van Heusen Kids Hoodie,Clothing,Kids Winter Wear,Van Heusen,TVS Supply Chain Solutions,2793.44,1694.85,2023-11-21,2023-11-21,2023-11-21
296,CLO-KID-0296,Van Heusen Kids Hoodie 1,Clothing,Kids Winter Wear,Van Heusen,TVS Supply Chain Solutions,2814.86,2254.78,2022-02-25,2022-02-25,2022-02-25
297,CLO-KID-0297,Peter England Kids Sweater,Clothing,Kids Winter Wear,Peter England,Allcargo Supply Chain,2394.33,1568.93,2025-08-10,2025-08-10,2025-08-10
298,HOM-FUR-0298,Godrej Dining Table,Home & Kitchen,Furniture,Godrej,Metro Cash and Carry,9621.02,5902.37,2025-04-02,2025-04-02,2025-04-02
299,HOM-FUR-0299,Ikea Dining Table,Home & Kitchen,Furniture,Ikea,Blue Dart Distribution,14942.2,10932.71,2024-05-14,2024-05-14,2024-05-14
300,HOM-FUR-0300,Godrej Dining Table 1,Home & Kitchen,Furniture,Godrej,Reliance Retail Supply Chain,15210.24,10056.27,2024-02-14,2024-02-14,2024-02-14
301,HOM-FUR-0301,Ikea Sofa Set,Home & Kitchen,Furniture,Ikea,Allcargo Supply Chain,13979.87,8651.74,2024-05-03,2024-05-03,2024-05-03
302,HOM-FUR-0302,Ikea Dining Table 1,Home & Kitchen,Furniture,Ikea,Ecom Express Supply Chain,7503.34,6367.37,2025-09-10,2025-09-10,2025-09-10
303,HOM-FUR-0303,Prestige Sofa Set,Home & Kitchen,Furniture,Prestige,Redington India,6059.92,4351.88,2024-12-21,2024-12-21,2024-12-21
304,HOM-FUR-0304,Whirlpool Office Chair,Home & Kitchen,Furniture,Whirlpool,Redington India,6336.75,4481.08,2023-02-25,2023-02-25,2023-02-25
305,HOM-FUR-0305,Nilkamal Study Table,Home & Kitchen,Furniture,Nilkamal,Ingram Micro India,20021.23,13346.01,2022-05-07,2022-05-07,2022-05-07
306,HOM-FUR-0306,Philips Office Chair,Home & Kitchen,Furniture,Philips,Redington India,16341.28,13661.71,2023-06-26,2023-06-26,2023-06-26
307,HOM-FUR-0307,Pigeon Sofa Set,Home & Kitchen,Furniture,Pigeon,Reliance Retail Supply Chain,7844.16,5914.23,2023-07-08,2023-07-08,2023-07-08
308,HOM-FUR-0308,Butterfly Sofa Set,Home & Kitchen,Furniture,Butterfly,Redington India,5600.81,4759.17,2022-12-13,2022-12-13,2022-12-13
309,HOM-COO-0309,Pigeon Steel Cookware Set,Home & Kitchen,Cookware,Pigeon,Safexpress Logistics,21192.61,13234.53,2023-01-12,2023-01-12,2023-01-12
310,HOM-COO-0310,Butterfly Pressure Cooker,Home & Kitchen,Cookware,Butterfly,Allcargo Supply Chain,10709.07,7656.95,2022-01-27,2022-01-27,2022-01-27
311,HOM-COO-0311,Bajaj Steel Cookware Set,Home & Kitchen,Cookware,Bajaj,Metro Cash and Carry,9564.58,6918.13,2024-06-23,2024-06-23,2024-06-23
312,HOM-COO-0312,Prestige Pressure Cooker,Home & Kitchen,Cookware,Prestige,Redington India,28628.57,21708.25,2024-10-20,2024-10-20,2024-10-20
313,HOM-COO-0313,Philips Steel Cookware Set,Home & Kitchen,Cookware,Philips,Tata Consumer Distribution,26793.46,21693.01,2024-07-06,2024-07-06,2024-07-06
314,HOM-COO-0314,Hawkins Steel Cookware Set,Home & Kitchen,Cookware,Hawkins,Safexpress Logistics,15536.61,9397.14,2021-11-25,2021-11-25,2021-11-25
315,HOM-COO-0315,Nilkamal Pressure Cooker,Home & Kitchen,Cookware,Nilkamal,Reliance Retail Supply Chain,15126.37,9983.26,2025-08-30,2025-08-30,2025-08-30
316,HOM-COO-0316,Whirlpool Steel Cookware Set,Home & Kitchen,Cookware,Whirlpool,Aditya Birla Distribution,4493.58,3034.48,2024-07-09,2024-07-09,2024-07-09
317,HOM-COO-0317,Nilkamal Pressure Cooker 1,Home & Kitchen,Cookware,Nilkamal,Tata Consumer Distribution,980.45,781.43,2024-08-04,2024-08-04,2024-08-04
318,HOM-COO-0318,Ikea Non Stick Pan,Home & Kitchen,Cookware,Ikea,Snowman Logistics,25440.92,20606.1,2025-02-07,2025-02-07,2025-02-07
319,HOM-COO-0319,Ikea Non Stick Pan 1,Home & Kitchen,Cookware,Ikea,Mahindra Logistics,24099.74,18961.11,2024-10-22,2024-10-22,2024-10-22
320,HOM-KIT-0320,Nilkamal Mixer Grinder,Home & Kitchen,Kitchen Appliances,Nilkamal,Safexpress Logistics,6446.48,4285.26,2021-06-20,2021-06-20,2021-06-20
321,HOM-KIT-0321,Whirlpool Microwave Oven,Home & Kitchen,Kitchen Appliances,Whirlpool,Future Retail Distribution,10638.07,7339.74,2023-12-01,2023-12-01,2023-12-01
322,HOM-KIT-0322,Philips Microwave Oven,Home & Kitchen,Kitchen Appliances,Philips,Tata Consumer Distribution,25116.26,17906.35,2025-10-01,2025-10-01,2025-10-01
323,HOM-KIT-0323,Pigeon Induction Cooktop,Home & Kitchen,Kitchen Appliances,Pigeon,Reliance Retail Supply Chain,3714.13,3112.9,2025-06-14,2025-06-14,2025-06-14
324,HOM-KIT-0324,Prestige Induction Cooktop,Home & Kitchen,Kitchen Appliances,Prestige,Aditya Birla Distribution,26097.04,21771.15,2024-09-16,2024-09-16,2024-09-16
325,HOM-KIT-0325,Bajaj Mixer Grinder,Home & Kitchen,Kitchen Appliances,Bajaj,Mahindra Logistics,26303.58,16829.64,2021-10-12,2021-10-12,2021-10-12
326,HOM-KIT-0326,Butterfly Microwave Oven,Home & Kitchen,Kitchen Appliances,Butterfly,Tata Consumer Distribution,13461.27,9357.06,2022-04-30,2022-04-30,2022-04-30
327,HOM-KIT-0327,Butterfly Microwave Oven 1,Home & Kitchen,Kitchen Appliances,Butterfly,Ingram Micro India,23433.07,15077.1,2024-07-12,2024-07-12,2024-07-12
328,HOM-KIT-0328,Hawkins Induction Cooktop,Home & Kitchen,Kitchen Appliances,Hawkins,Tata Consumer Distribution,27730.09,16689.97,2024-06-09,2024-06-09,2024-06-09
329,HOM-KIT-0329,Godrej Air Fryer,Home & Kitchen,Kitchen Appliances,Godrej,TVS Supply Chain Solutions,4775.46,3148.18,2024-06-09,2024-06-09,2024-06-09
330,HOM-KIT-0330,Godrej Air Fryer 1,Home & Kitchen,Kitchen Appliances,Godrej,Aditya Birla Distribution,11711.51,8363.66,2026-03-06,2026-03-06,2026-03-06
331,HOM-HOM-0331,Nilkamal Wall Art,Home & Kitchen,Home Decor,Nilkamal,Snowman Logistics,10169.81,8106.74,2025-01-10,2025-01-10,2025-01-10
332,HOM-HOM-0332,Godrej Wall Art,Home & Kitchen,Home Decor,Godrej,Future Retail Distribution,25350.17,20300.37,2023-11-15,2023-11-15,2023-11-15
333,HOM-HOM-0333,Bajaj Decor Lamp,Home & Kitchen,Home Decor,Bajaj,Aditya Birla Distribution,18845.34,12088.78,2023-09-27,2023-09-27,2023-09-27
334,HOM-HOM-0334,Prestige Indoor Plant Pot,Home & Kitchen,Home Decor,Prestige,Aditya Birla Distribution,5837.13,4767.96,2023-12-29,2023-12-29,2023-12-29
335,HOM-HOM-0335,Philips Wall Art,Home & Kitchen,Home Decor,Philips,Ecom Express Supply Chain,25387.59,20192.61,2025-06-30,2025-06-30,2025-06-30
336,HOM-HOM-0336,Bajaj Photo Frame,Home & Kitchen,Home Decor,Bajaj,Aditya Birla Distribution,14458.6,11167.59,2022-06-04,2022-06-04,2022-06-04
337,HOM-HOM-0337,Hawkins Indoor Plant Pot,Home & Kitchen,Home Decor,Hawkins,Safexpress Logistics,7066.34,5543.69,2022-11-27,2022-11-27,2022-11-27
338,HOM-HOM-0338,Pigeon Wall Art,Home & Kitchen,Home Decor,Pigeon,Reliance Retail Supply Chain,25599.69,15829.34,2024-02-29,2024-02-29,2024-02-29
339,HOM-HOM-0339,Godrej Decor Lamp,Home & Kitchen,Home Decor,Godrej,Metro Cash and Carry,26217.59,22272.08,2021-12-03,2021-12-03,2021-12-03
340,HOM-HOM-0340,Hawkins Decor Lamp,Home & Kitchen,Home Decor,Hawkins,Mahindra Logistics,17822.69,11012.18,2023-12-07,2023-12-07,2023-12-07
341,HOM-HOM-0341,Hawkins Indoor Plant Pot 1,Home & Kitchen,Home Decor,Hawkins,TVS Supply Chain Solutions,10155.06,7204.08,2022-07-27,2022-07-27,2022-07-27
342,HOM-STO-0342,Whirlpool Storage Box,Home & Kitchen,Storage & Organization,Whirlpool,Safexpress Logistics,5164.74,3628.38,2026-02-17,2026-02-17,2026-02-17
343,HOM-STO-0343,Ikea Drawer Unit,Home & Kitchen,Storage & Organization,Ikea,Blue Dart Distribution,14687.63,9067.28,2022-01-13,2022-01-13,2022-01-13
344,HOM-STO-0344,Whirlpool Shoe Rack,Home & Kitchen,Storage & Organization,Whirlpool,Reliance Retail Supply Chain,7772.74,6578.14,2022-05-29,2022-05-29,2022-05-29
345,HOM-STO-0345,Philips Wardrobe Organizer,Home & Kitchen,Storage & Organization,Philips,TVS Supply Chain Solutions,14600.0,10641.34,2021-07-30,2021-07-30,2021-07-30
346,HOM-STO-0346,Bajaj Drawer Unit,Home & Kitchen,Storage & Organization,Bajaj,Ingram Micro India,13692.55,8824.57,2021-12-11,2021-12-11,2021-12-11
347,HOM-STO-0347,Pigeon Drawer Unit,Home & Kitchen,Storage & Organization,Pigeon,Delhivery Fulfillment,12565.03,9350.62,2021-08-09,2021-08-09,2021-08-09
348,HOM-STO-0348,Prestige Drawer Unit,Home & Kitchen,Storage & Organization,Prestige,Blue Dart Distribution,11999.12,9234.57,2025-04-07,2025-04-07,2025-04-07
349,HOM-STO-0349,Philips Wardrobe Organizer 1,Home & Kitchen,Storage & Organization,Philips,Blue Dart Distribution,3091.07,2147.06,2024-10-25,2024-10-25,2024-10-25
350,HOM-STO-0350,Hawkins Wardrobe Organizer,Home & Kitchen,Storage & Organization,Hawkins,Reliance Retail Supply Chain,5390.37,4440.43,2026-01-11,2026-01-11,2026-01-11
351,HOM-STO-0351,Prestige Shoe Rack,Home & Kitchen,Storage & Organization,Prestige,Future Retail Distribution,25218.58,20553.33,2025-04-09,2025-04-09,2025-04-09
352,HOM-STO-0352,Pigeon Wardrobe Organizer,Home & Kitchen,Storage & Organization,Pigeon,Ingram Micro India,765.62,532.23,2024-04-17,2024-04-17,2024-04-17
353,HOM-BED-0353,Nilkamal Comforter,Home & Kitchen,Bedding,Nilkamal,Ecom Express Supply Chain,2090.46,1275.66,2022-11-13,2022-11-13,2022-11-13
354,HOM-BED-0354,Godrej Pillow Set,Home & Kitchen,Bedding,Godrej,Redington India,11857.56,8682.44,2025-06-20,2025-06-20,2025-06-20
355,HOM-BED-0355,Whirlpool Pillow Set,Home & Kitchen,Bedding,Whirlpool,Reliance Retail Supply Chain,18736.95,11673.11,2025-10-03,2025-10-03,2025-10-03
356,HOM-BED-0356,Prestige Bedsheet Set,Home & Kitchen,Bedding,Prestige,Metro Cash and Carry,22131.88,16471.98,2022-11-15,2022-11-15,2022-11-15
357,HOM-BED-0357,Whirlpool Bedsheet Set,Home & Kitchen,Bedding,Whirlpool,Metro Cash and Carry,20179.15,15627.31,2025-05-26,2025-05-26,2025-05-26
358,HOM-BED-0358,Philips Pillow Set,Home & Kitchen,Bedding,Philips,Aditya Birla Distribution,5482.48,4471.53,2026-03-07,2026-03-07,2026-03-07
359,HOM-BED-0359,Hawkins Bedsheet Set,Home & Kitchen,Bedding,Hawkins,Redington India,13926.4,8947.81,2023-12-05,2023-12-05,2023-12-05
360,HOM-BED-0360,Ikea Pillow Set,Home & Kitchen,Bedding,Ikea,Mahindra Logistics,5516.07,4669.62,2023-09-30,2023-09-30,2023-09-30
361,HOM-BED-0361,Nilkamal Bedsheet Set,Home & Kitchen,Bedding,Nilkamal,Blue Dart Distribution,26587.48,19866.39,2021-12-11,2021-12-11,2021-12-11
362,HOM-BED-0362,Ikea Comforter,Home & Kitchen,Bedding,Ikea,Reliance Retail Supply Chain,29359.22,18538.66,2025-10-21,2025-10-21,2025-10-21
363,HOM-BED-0363,Prestige Blanket,Home & Kitchen,Bedding,Prestige,Reliance Retail Supply Chain,10045.24,6452.25,2024-08-19,2024-08-19,2024-08-19
364,HOM-DIN-0364,Whirlpool Serving Bowl,Home & Kitchen,Dining Essentials,Whirlpool,Blue Dart Distribution,28113.39,19322.6,2024-09-29,2024-09-29,2024-09-29
365,HOM-DIN-0365,Prestige Dinner Set,Home & Kitchen,Dining Essentials,Prestige,Mahindra Logistics,10877.55,8941.98,2023-10-04,2023-10-04,2023-10-04
366,HOM-DIN-0366,Philips Cutlery Set,Home & Kitchen,Dining Essentials,Philips,Reliance Retail Supply Chain,10729.27,7046.8,2025-11-25,2025-11-25,2025-11-25
367,HOM-DIN-0367,Butterfly Serving Bowl,Home & Kitchen,Dining Essentials,Butterfly,Ecom Express Supply Chain,6115.28,4507.98,2023-11-20,2023-11-20,2023-11-20
368,HOM-DIN-0368,Godrej Serving Bowl,Home & Kitchen,Dining Essentials,Godrej,TVS Supply Chain Solutions,10579.76,7254.49,2022-06-22,2022-06-22,2022-06-22
369,HOM-DIN-0369,Prestige Serving Bowl,Home & Kitchen,Dining Essentials,Prestige,Ecom Express Supply Chain,27903.99,21548.99,2022-02-24,2022-02-24,2022-02-24
370,HOM-DIN-0370,Hawkins Dinner Set,Home & Kitchen,Dining Essentials,Hawkins,Blue Dart Distribution,28698.92,21256.79,2023-01-10,2023-01-10,2023-01-10
371,HOM-DIN-0371,Hawkins Cutlery Set,Home & Kitchen,Dining Essentials,Hawkins,Metro Cash and Carry,29174.45,19766.48,2022-05-20,2022-05-20,2022-05-20
372,HOM-DIN-0372,Nilkamal Glass Set,Home & Kitchen,Dining Essentials,Nilkamal,Mahindra Logistics,14922.34,9636.79,2024-02-15,2024-02-15,2024-02-15
373,HOM-DIN-0373,Nilkamal Dinner Set,Home & Kitchen,Dining Essentials,Nilkamal,Delhivery Fulfillment,5364.79,3570.92,2025-04-12,2025-04-12,2025-04-12
374,HOM-DIN-0374,Ikea Dinner Set,Home & Kitchen,Dining Essentials,Ikea,Allcargo Supply Chain,11374.25,8885.15,2022-05-07,2022-05-07,2022-05-07
375,HOM-CLE-0375,Whirlpool Mop Set,Home & Kitchen,Cleaning Supplies,Whirlpool,Ingram Micro India,16261.29,12695.53,2025-03-25,2025-03-25,2025-03-25
376,HOM-CLE-0376,Bajaj Floor Cleaner,Home & Kitchen,Cleaning Supplies,Bajaj,Redington India,5608.51,4678.99,2024-07-11,2024-07-11,2024-07-11
377,HOM-CLE-0377,Ikea Cleaning Kit,Home & Kitchen,Cleaning Supplies,Ikea,Future Retail Distribution,7274.67,4631.53,2022-11-02,2022-11-02,2022-11-02
378,HOM-CLE-0378,Butterfly Floor Cleaner,Home & Kitchen,Cleaning Supplies,Butterfly,Mahindra Logistics,14978.75,11453.95,2021-09-07,2021-09-07,2021-09-07
379,HOM-CLE-0379,Hawkins Cleaning Kit,Home & Kitchen,Cleaning Supplies,Hawkins,Metro Cash and Carry,21506.22,15074.94,2026-02-18,2026-02-18,2026-02-18
380,HOM-CLE-0380,Prestige Floor Cleaner,Home & Kitchen,Cleaning Supplies,Prestige,Ingram Micro India,5867.33,3799.15,2022-07-24,2022-07-24,2022-07-24
381,HOM-CLE-0381,Pigeon Cleaning Kit,Home & Kitchen,Cleaning Supplies,Pigeon,Blue Dart Distribution,6596.34,5597.75,2026-01-26,2026-01-26,2026-01-26
382,HOM-CLE-0382,Whirlpool Surface Cleaner,Home & Kitchen,Cleaning Supplies,Whirlpool,Future Retail Distribution,544.43,408.56,2022-04-09,2022-04-09,2022-04-09
383,HOM-CLE-0383,Ikea Surface Cleaner,Home & Kitchen,Cleaning Supplies,Ikea,Mahindra Logistics,20149.13,13951.55,2025-09-20,2025-09-20,2025-09-20
384,HOM-CLE-0384,Hawkins Cleaning Kit 1,Home & Kitchen,Cleaning Supplies,Hawkins,Ecom Express Supply Chain,20534.67,14877.26,2025-05-25,2025-05-25,2025-05-25
385,HOM-CLE-0385,Philips Cleaning Kit,Home & Kitchen,Cleaning Supplies,Philips,Reliance Retail Supply Chain,26748.81,19560.08,2026-01-08,2026-01-08,2026-01-08
386,SPO-FIT-0386,Nivia Exercise Bike,Sports & Fitness,Fitness Equipment,Nivia,Blue Dart Distribution,6415.82,4610.23,2023-08-28,2023-08-28,2023-08-28
387,SPO-FIT-0387,Puma Exercise Bike,Sports & Fitness,Fitness Equipment,Puma,Safexpress Logistics,10114.15,7513.4,2025-10-03,2025-10-03,2025-10-03
388,SPO-FIT-0388,Reebok Exercise Bike,Sports & Fitness,Fitness Equipment,Reebok,Tata Consumer Distribution,4888.7,3122.96,2023-01-12,2023-01-12,2023-01-12
389,SPO-FIT-0389,MRF Resistance Bands,Sports & Fitness,Fitness Equipment,MRF,TVS Supply Chain Solutions,10672.24,7477.27,2025-04-21,2025-04-21,2025-04-21
390,SPO-FIT-0390,Reebok Dumbbell Set,Sports & Fitness,Fitness Equipment,Reebok,Metro Cash and Carry,11246.59,8762.41,2024-08-03,2024-08-03,2024-08-03
391,SPO-FIT-0391,Decathlon Resistance Bands,Sports & Fitness,Fitness Equipment,Decathlon,Mahindra Logistics,3271.15,2298.62,2026-02-23,2026-02-23,2026-02-23
392,SPO-FIT-0392,MRF Resistance Bands 1,Sports & Fitness,Fitness Equipment,MRF,Redington India,9668.75,7053.78,2021-11-06,2021-11-06,2021-11-06
393,SPO-FIT-0393,SG Exercise Bike,Sports & Fitness,Fitness Equipment,SG,Metro Cash and Carry,12119.01,7393.1,2022-12-06,2022-12-06,2022-12-06
394,SPO-FIT-0394,Cosco Treadmill,Sports & Fitness,Fitness Equipment,Cosco,Metro Cash and Carry,12391.12,9979.64,2022-03-20,2022-03-20,2022-03-20
395,SPO-FIT-0395,Puma Resistance Bands,Sports & Fitness,Fitness Equipment,Puma,TVS Supply Chain Solutions,2338.04,1791.42,2026-04-12,2026-04-12,2026-04-12
396,SPO-FIT-0396,Decathlon Treadmill,Sports & Fitness,Fitness Equipment,Decathlon,Tata Consumer Distribution,5776.69,4456.54,2025-01-02,2025-01-02,2025-01-02
397,SPO-OUT-0397,Decathlon Volleyball,Sports & Fitness,Outdoor Sports,Decathlon,Allcargo Supply Chain,7010.13,5433.23,2024-05-03,2024-05-03,2024-05-03
398,SPO-OUT-0398,Decathlon Volleyball 1,Sports & Fitness,Outdoor Sports,Decathlon,Blue Dart Distribution,7623.73,5959.11,2026-05-09,2026-05-09,2026-05-09
399,SPO-OUT-0399,Decathlon Badminton Set,Sports & Fitness,Outdoor Sports,Decathlon,Reliance Retail Supply Chain,6904.72,4927.59,2026-01-28,2026-01-28,2026-01-28
400,SPO-OUT-0400,Nike Football,Sports & Fitness,Outdoor Sports,Nike,Ingram Micro India,4888.89,3754.48,2025-03-13,2025-03-13,2025-03-13
401,SPO-OUT-0401,Nike Volleyball,Sports & Fitness,Outdoor Sports,Nike,Safexpress Logistics,5152.73,4159.95,2026-05-10,2026-05-10,2026-05-10
402,SPO-OUT-0402,Reebok Badminton Set,Sports & Fitness,Outdoor Sports,Reebok,Tata Consumer Distribution,4262.67,3571.93,2023-03-13,2023-03-13,2023-03-13
403,SPO-OUT-0403,Cosco Football,Sports & Fitness,Outdoor Sports,Cosco,Redington India,9574.17,7177.59,2023-06-30,2023-06-30,2023-06-30
404,SPO-OUT-0404,Nivia Badminton Set,Sports & Fitness,Outdoor Sports,Nivia,Delhivery Fulfillment,6882.7,4711.55,2022-06-11,2022-06-11,2022-06-11
405,SPO-OUT-0405,Puma Basketball,Sports & Fitness,Outdoor Sports,Puma,Delhivery Fulfillment,11770.65,7592.23,2024-04-15,2024-04-15,2024-04-15
406,SPO-OUT-0406,Cosco Badminton Set,Sports & Fitness,Outdoor Sports,Cosco,Aditya Birla Distribution,8882.35,7166.07,2024-06-27,2024-06-27,2024-06-27
407,SPO-OUT-0407,Adidas Volleyball,Sports & Fitness,Outdoor Sports,Adidas,Tata Consumer Distribution,7064.51,5456.11,2021-06-20,2021-06-20,2021-06-20
408,SPO-IND-0408,Nivia Chess Board,Sports & Fitness,Indoor Games,Nivia,Tata Consumer Distribution,2004.75,1624.93,2025-12-27,2025-12-27,2025-12-27
409,SPO-IND-0409,Reebok Table Tennis Set,Sports & Fitness,Indoor Games,Reebok,Blue Dart Distribution,9391.24,7657.2,2023-10-16,2023-10-16,2023-10-16
410,SPO-IND-0410,Adidas Ludo Set,Sports & Fitness,Indoor Games,Adidas,Mahindra Logistics,12018.83,9601.93,2022-06-11,2022-06-11,2022-06-11
411,SPO-IND-0411,Nivia Table Tennis Set,Sports & Fitness,Indoor Games,Nivia,Ecom Express Supply Chain,13097.34,10206.99,2023-05-11,2023-05-11,2023-05-11
412,SPO-IND-0412,Nivia Chess Board 1,Sports & Fitness,Indoor Games,Nivia,Mahindra Logistics,13832.1,10852.82,2022-04-10,2022-04-10,2022-04-10
413,SPO-IND-0413,Puma Table Tennis Set,Sports & Fitness,Indoor Games,Puma,Tata Consumer Distribution,2864.95,2247.36,2023-12-05,2023-12-05,2023-12-05
414,SPO-IND-0414,Nike Chess Board,Sports & Fitness,Indoor Games,Nike,Mahindra Logistics,7327.83,4872.58,2021-11-23,2021-11-23,2021-11-23
415,SPO-IND-0415,Reebok Table Tennis Set 1,Sports & Fitness,Indoor Games,Reebok,Metro Cash and Carry,14097.24,9910.24,2021-09-17,2021-09-17,2021-09-17
416,SPO-IND-0416,Adidas Chess Board,Sports & Fitness,Indoor Games,Adidas,Mahindra Logistics,8149.5,6468.65,2024-07-02,2024-07-02,2024-07-02
417,SPO-IND-0417,Adidas Ludo Set 1,Sports & Fitness,Indoor Games,Adidas,Safexpress Logistics,10944.4,8984.19,2026-05-14,2026-05-14,2026-05-14
418,SPO-IND-0418,Nike Carrom Board,Sports & Fitness,Indoor Games,Nike,Allcargo Supply Chain,7538.02,6239.37,2022-06-25,2022-06-25,2022-06-25
419,SPO-YOG-0419,Nivia Yoga Strap,Sports & Fitness,Yoga Accessories,Nivia,Mahindra Logistics,11524.48,7181.35,2024-07-07,2024-07-07,2024-07-07
420,SPO-YOG-0420,Reebok Yoga Strap,Sports & Fitness,Yoga Accessories,Reebok,Tata Consumer Distribution,7572.13,5775.38,2025-11-23,2025-11-23,2025-11-23
421,SPO-YOG-0421,Yonex Yoga Mat,Sports & Fitness,Yoga Accessories,Yonex,Future Retail Distribution,12308.66,7595.9,2023-05-01,2023-05-01,2023-05-01
422,SPO-YOG-0422,Nivia Yoga Block,Sports & Fitness,Yoga Accessories,Nivia,Reliance Retail Supply Chain,12643.42,8480.85,2022-11-01,2022-11-01,2022-11-01
423,SPO-YOG-0423,Yonex Yoga Block,Sports & Fitness,Yoga Accessories,Yonex,Ingram Micro India,1112.1,816.65,2026-02-08,2026-02-08,2026-02-08
424,SPO-YOG-0424,Nivia Meditation Cushion,Sports & Fitness,Yoga Accessories,Nivia,Reliance Retail Supply Chain,8050.34,6444.43,2025-05-01,2025-05-01,2025-05-01
425,SPO-YOG-0425,MRF Yoga Strap,Sports & Fitness,Yoga Accessories,MRF,TVS Supply Chain Solutions,13832.23,9210.5,2024-01-11,2024-01-11,2024-01-11
426,SPO-YOG-0426,Decathlon Meditation Cushion,Sports & Fitness,Yoga Accessories,Decathlon,Blue Dart Distribution,2681.56,1810.76,2025-11-05,2025-11-05,2025-11-05
427,SPO-YOG-0427,SG Meditation Cushion,Sports & Fitness,Yoga Accessories,SG,Blue Dart Distribution,4232.34,3006.19,2023-02-20,2023-02-20,2023-02-20
428,SPO-YOG-0428,Yonex Yoga Strap,Sports & Fitness,Yoga Accessories,Yonex,Tata Consumer Distribution,8365.43,6649.01,2024-05-14,2024-05-14,2024-05-14
429,SPO-YOG-0429,MRF Yoga Mat,Sports & Fitness,Yoga Accessories,MRF,Mahindra Logistics,4140.51,2643.19,2024-08-18,2024-08-18,2024-08-18
430,SPO-CYC-0430,Reebok Cycling Helmet,Sports & Fitness,Cycling,Reebok,Redington India,1661.47,1109.7,2022-04-26,2022-04-26,2022-04-26
431,SPO-CYC-0431,Reebok Bike Gloves,Sports & Fitness,Cycling,Reebok,Metro Cash and Carry,6192.85,4534.73,2022-08-12,2022-08-12,2022-08-12
432,SPO-CYC-0432,MRF Cycling Helmet,Sports & Fitness,Cycling,MRF,Ecom Express Supply Chain,6667.17,5013.6,2025-08-08,2025-08-08,2025-08-08
433,SPO-CYC-0433,Reebok Mountain Bike,Sports & Fitness,Cycling,Reebok,Mahindra Logistics,3165.98,2057.07,2022-02-06,2022-02-06,2022-02-06
434,SPO-CYC-0434,SG Bike Gloves,Sports & Fitness,Cycling,SG,Allcargo Supply Chain,10491.77,6755.67,2026-01-25,2026-01-25,2026-01-25
435,SPO-CYC-0435,Nivia Cycling Helmet,Sports & Fitness,Cycling,Nivia,Ingram Micro India,11379.68,7380.58,2022-03-25,2022-03-25,2022-03-25
436,SPO-CYC-0436,Nivia Cycling Helmet 1,Sports & Fitness,Cycling,Nivia,TVS Supply Chain Solutions,12492.42,9996.43,2022-12-15,2022-12-15,2022-12-15
437,SPO-CYC-0437,Yonex Cycling Helmet,Sports & Fitness,Cycling,Yonex,Safexpress Logistics,14765.27,9331.68,2024-11-03,2024-11-03,2024-11-03
438,SPO-CYC-0438,SG Cycling Helmet,Sports & Fitness,Cycling,SG,Reliance Retail Supply Chain,1267.33,1055.99,2022-02-03,2022-02-03,2022-02-03
439,SPO-CYC-0439,Cosco Bike Gloves,Sports & Fitness,Cycling,Cosco,Ecom Express Supply Chain,5649.08,3971.72,2025-05-16,2025-05-16,2025-05-16
440,SPO-CYC-0440,MRF Mountain Bike,Sports & Fitness,Cycling,MRF,Aditya Birla Distribution,12553.35,9031.87,2022-08-01,2022-08-01,2022-08-01
441,SPO-RUN-0441,Decathlon Running Shorts,Sports & Fitness,Running Gear,Decathlon,Reliance Retail Supply Chain,13917.05,10053.99,2025-10-25,2025-10-25,2025-10-25
442,SPO-RUN-0442,Nike Hydration Belt,Sports & Fitness,Running Gear,Nike,Blue Dart Distribution,14398.26,11077.97,2025-10-08,2025-10-08,2025-10-08
443,SPO-RUN-0443,Nike Running Shorts,Sports & Fitness,Running Gear,Nike,Tata Consumer Distribution,5902.48,3632.66,2022-05-10,2022-05-10,2022-05-10
444,SPO-RUN-0444,Adidas Running Shoes,Sports & Fitness,Running Gear,Adidas,Metro Cash and Carry,1444.3,1100.86,2024-01-04,2024-01-04,2024-01-04
445,SPO-RUN-0445,Decathlon Hydration Belt,Sports & Fitness,Running Gear,Decathlon,Allcargo Supply Chain,2740.3,1651.07,2022-06-26,2022-06-26,2022-06-26
446,SPO-RUN-0446,Puma Running Shoes,Sports & Fitness,Running Gear,Puma,Allcargo Supply Chain,10945.55,8784.85,2022-11-01,2022-11-01,2022-11-01
447,SPO-RUN-0447,Yonex Running Shoes,Sports & Fitness,Running Gear,Yonex,Blue Dart Distribution,2700.49,2202.83,2021-08-04,2021-08-04,2021-08-04
448,SPO-RUN-0448,Nivia Running Shoes,Sports & Fitness,Running Gear,Nivia,Safexpress Logistics,4023.38,2629.12,2021-08-16,2021-08-16,2021-08-16
449,SPO-RUN-0449,Decathlon Sports Watch,Sports & Fitness,Running Gear,Decathlon,TVS Supply Chain Solutions,1867.07,1324.81,2024-06-12,2024-06-12,2024-06-12
450,SPO-RUN-0450,Yonex Running Shoes 1,Sports & Fitness,Running Gear,Yonex,Ecom Express Supply Chain,7033.69,5240.04,2021-07-01,2021-07-01,2021-07-01
451,SPO-RUN-0451,Nike Sports Watch,Sports & Fitness,Running Gear,Nike,Snowman Logistics,11982.25,7712.56,2025-05-17,2025-05-17,2025-05-17
452,SPO-CRI-0452,Cosco Cricket Kit,Sports & Fitness,Cricket Equipment,Cosco,Tata Consumer Distribution,13567.83,8369.42,2024-06-02,2024-06-02,2024-06-02
453,SPO-CRI-0453,Adidas Cricket Kit,Sports & Fitness,Cricket Equipment,Adidas,Ecom Express Supply Chain,3875.2,3201.54,2025-02-05,2025-02-05,2025-02-05
454,SPO-CRI-0454,Yonex Helmet Pro,Sports & Fitness,Cricket Equipment,Yonex,Delhivery Fulfillment,11162.75,7508.03,2023-08-23,2023-08-23,2023-08-23
455,SPO-CRI-0455,Decathlon Batting Gloves,Sports & Fitness,Cricket Equipment,Decathlon,Safexpress Logistics,14963.23,10146.92,2022-12-21,2022-12-21,2022-12-21
456,SPO-CRI-0456,Decathlon Batting Gloves 1,Sports & Fitness,Cricket Equipment,Decathlon,Blue Dart Distribution,2394.91,1496.27,2024-04-25,2024-04-25,2024-04-25
457,SPO-CRI-0457,Nivia English Willow Bat,Sports & Fitness,Cricket Equipment,Nivia,TVS Supply Chain Solutions,915.29,635.45,2025-12-17,2025-12-17,2025-12-17
458,SPO-CRI-0458,Yonex Helmet Pro 1,Sports & Fitness,Cricket Equipment,Yonex,Snowman Logistics,10155.6,6780.76,2022-02-23,2022-02-23,2022-02-23
459,SPO-CRI-0459,SG English Willow Bat,Sports & Fitness,Cricket Equipment,SG,TVS Supply Chain Solutions,3296.54,2054.6,2023-02-26,2023-02-26,2023-02-26
460,SPO-CRI-0460,Decathlon Cricket Kit,Sports & Fitness,Cricket Equipment,Decathlon,Blue Dart Distribution,2509.87,1850.21,2024-11-28,2024-11-28,2024-11-28
461,SPO-CRI-0461,Nike English Willow Bat,Sports & Fitness,Cricket Equipment,Nike,Allcargo Supply Chain,2142.61,1552.53,2021-12-22,2021-12-22,2021-12-22
462,SPO-CRI-0462,Nike Helmet Pro,Sports & Fitness,Cricket Equipment,Nike,Aditya Birla Distribution,4880.93,3482.35,2022-07-17,2022-07-17,2022-07-17
463,BEA-SKI-0463,Dove Sunscreen SPF50,Beauty & Personal Care,Skincare,Dove,Future Retail Distribution,232.86,196.36,2022-01-08,2022-01-08,2022-01-08
464,BEA-SKI-0464,Dove Sunscreen SPF50 1,Beauty & Personal Care,Skincare,Dove,Safexpress Logistics,1772.76,1193.74,2023-08-11,2023-08-11,2023-08-11
465,BEA-SKI-0465,Himalaya Daily Moisturizer,Beauty & Personal Care,Skincare,Himalaya,Ingram Micro India,642.71,392.15,2024-04-24,2024-04-24,2024-04-24
466,BEA-SKI-0466,Ponds Aloe Vera Gel,Beauty & Personal Care,Skincare,Ponds,Snowman Logistics,1276.42,988.88,2024-06-21,2024-06-21,2024-06-21
467,BEA-SKI-0467,Nivea Aloe Vera Gel,Beauty & Personal Care,Skincare,Nivea,Blue Dart Distribution,3304.9,2000.93,2025-12-22,2025-12-22,2025-12-22
468,BEA-SKI-0468,Lakme Sunscreen SPF50,Beauty & Personal Care,Skincare,Lakme,Tata Consumer Distribution,2779.37,1904.72,2025-02-27,2025-02-27,2025-02-27
469,BEA-SKI-0469,Himalaya Sunscreen SPF50,Beauty & Personal Care,Skincare,Himalaya,Metro Cash and Carry,2896.49,2233.82,2023-07-29,2023-07-29,2023-07-29
470,BEA-SKI-0470,Nivea Vitamin C Face Wash,Beauty & Personal Care,Skincare,Nivea,Redington India,2940.34,2043.72,2021-09-17,2021-09-17,2021-09-17
471,BEA-SKI-0471,Biotique Sunscreen SPF50,Beauty & Personal Care,Skincare,Biotique,Reliance Retail Supply Chain,1466.91,1127.54,2023-11-13,2023-11-13,2023-11-13
472,BEA-SKI-0472,Ponds Vitamin C Face Wash,Beauty & Personal Care,Skincare,Ponds,TVS Supply Chain Solutions,967.17,726.11,2021-12-21,2021-12-21,2021-12-21
473,BEA-SKI-0473,Nykaa Sunscreen SPF50,Beauty & Personal Care,Skincare,Nykaa,Delhivery Fulfillment,3326.27,2603.79,2026-06-05,2026-06-05,2026-06-05
474,BEA-HAI-0474,Lakme Hair Oil,Beauty & Personal Care,Haircare,Lakme,Snowman Logistics,2494.71,1804.33,2022-05-27,2022-05-27,2022-05-27
475,BEA-HAI-0475,Lakme Conditioner Plus,Beauty & Personal Care,Haircare,Lakme,Ecom Express Supply Chain,1156.88,734.94,2022-06-01,2022-06-01,2022-06-01
476,BEA-HAI-0476,Nivea Conditioner Plus,Beauty & Personal Care,Haircare,Nivea,Future Retail Distribution,624.69,394.16,2024-07-05,2024-07-05,2024-07-05
477,BEA-HAI-0477,Maybelline Anti Hairfall Shampoo,Beauty & Personal Care,Haircare,Maybelline,Reliance Retail Supply Chain,295.69,182.46,2025-08-20,2025-08-20,2025-08-20
478,BEA-HAI-0478,Nivea Hair Serum,Beauty & Personal Care,Haircare,Nivea,Snowman Logistics,2220.36,1606.15,2024-12-29,2024-12-29,2024-12-29
479,BEA-HAI-0479,Mamaearth Hair Serum,Beauty & Personal Care,Haircare,Mamaearth,Allcargo Supply Chain,1260.78,1048.92,2021-09-29,2021-09-29,2021-09-29
480,BEA-HAI-0480,Dove Anti Hairfall Shampoo,Beauty & Personal Care,Haircare,Dove,Metro Cash and Carry,615.48,491.4,2023-11-29,2023-11-29,2023-11-29
481,BEA-HAI-0481,Loreal Hair Serum,Beauty & Personal Care,Haircare,Loreal,Tata Consumer Distribution,2783.72,1989.78,2025-08-28,2025-08-28,2025-08-28
482,BEA-HAI-0482,Maybelline Conditioner Plus,Beauty & Personal Care,Haircare,Maybelline,Tata Consumer Distribution,3770.34,3118.46,2025-06-12,2025-06-12,2025-06-12
483,BEA-HAI-0483,Loreal Hair Serum 1,Beauty & Personal Care,Haircare,Loreal,Delhivery Fulfillment,2116.42,1618.35,2023-10-14,2023-10-14,2023-10-14
484,BEA-HAI-0484,Himalaya Hair Serum,Beauty & Personal Care,Haircare,Himalaya,Snowman Logistics,2387.09,1615.52,2024-05-24,2024-05-24,2024-05-24
485,BEA-COS-0485,Loreal Eye Liner,Beauty & Personal Care,Cosmetics,Loreal,Blue Dart Distribution,3777.12,2293.78,2021-08-09,2021-08-09,2021-08-09
486,BEA-COS-0486,Dove Foundation Cream,Beauty & Personal Care,Cosmetics,Dove,Future Retail Distribution,2900.04,1843.98,2024-08-31,2024-08-31,2024-08-31
487,BEA-COS-0487,Mamaearth Eye Liner,Beauty & Personal Care,Cosmetics,Mamaearth,Blue Dart Distribution,2561.2,1659.11,2021-10-28,2021-10-28,2021-10-28
488,BEA-COS-0488,Ponds Matte Lipstick,Beauty & Personal Care,Cosmetics,Ponds,Reliance Retail Supply Chain,1885.43,1141.27,2026-01-01,2026-01-01,2026-01-01
489,BEA-COS-0489,Himalaya Foundation Cream,Beauty & Personal Care,Cosmetics,Himalaya,Blue Dart Distribution,1506.91,1053.11,2021-10-09,2021-10-09,2021-10-09
490,BEA-COS-0490,Nykaa Matte Lipstick,Beauty & Personal Care,Cosmetics,Nykaa,Aditya Birla Distribution,3929.8,2398.83,2025-02-18,2025-02-18,2025-02-18
491,BEA-COS-0491,Lakme Foundation Cream,Beauty & Personal Care,Cosmetics,Lakme,Snowman Logistics,3961.56,2640.71,2025-06-04,2025-06-04,2025-06-04
492,BEA-COS-0492,Mamaearth Foundation Cream,Beauty & Personal Care,Cosmetics,Mamaearth,Redington India,153.44,108.95,2026-05-02,2026-05-02,2026-05-02
493,BEA-COS-0493,Nivea Compact Powder,Beauty & Personal Care,Cosmetics,Nivea,Ecom Express Supply Chain,3848.93,2680.79,2025-04-03,2025-04-03,2025-04-03
494,BEA-COS-0494,Dove Compact Powder,Beauty & Personal Care,Cosmetics,Dove,Reliance Retail Supply Chain,1150.87,888.42,2023-01-16,2023-01-16,2023-01-16
495,BEA-COS-0495,Nykaa Foundation Cream,Beauty & Personal Care,Cosmetics,Nykaa,Mahindra Logistics,1025.02,791.72,2025-05-10,2025-05-10,2025-05-10
496,BEA-FRA-0496,Nykaa Deodorant,Beauty & Personal Care,Fragrances,Nykaa,Aditya Birla Distribution,824.14,527.19,2026-05-10,2026-05-10,2026-05-10
497,BEA-FRA-0497,Nykaa Body Mist,Beauty & Personal Care,Fragrances,Nykaa,Future Retail Distribution,1191.23,912.89,2024-09-15,2024-09-15,2024-09-15
498,BEA-FRA-0498,Maybelline Perfume Spray,Beauty & Personal Care,Fragrances,Maybelline,Tata Consumer Distribution,2531.73,1630.9,2023-10-21,2023-10-21,2023-10-21
499,BEA-FRA-0499,Loreal Perfume Spray,Beauty & Personal Care,Fragrances,Loreal,Ecom Express Supply Chain,3708.49,2664.11,2025-09-18,2025-09-18,2025-09-18
500,BEA-FRA-0500,Dove Perfume Spray,Beauty & Personal Care,Fragrances,Dove,Delhivery Fulfillment,3301.0,2293.91,2025-01-29,2025-01-29,2025-01-29
